-- MySQL dump 10.13  Distrib 5.7.12, for Linux (x86_64)
--
-- Host: localhost    Database: npat_test_data
-- ------------------------------------------------------
-- Server version	5.7.12

/*!40101 SET @OLD_CHARACTER_SET_CLIENT=@@CHARACTER_SET_CLIENT */;
/*!40101 SET @OLD_CHARACTER_SET_RESULTS=@@CHARACTER_SET_RESULTS */;
/*!40101 SET @OLD_COLLATION_CONNECTION=@@COLLATION_CONNECTION */;
/*!40101 SET NAMES utf8 */;
/*!40103 SET @OLD_TIME_ZONE=@@TIME_ZONE */;
/*!40103 SET TIME_ZONE='+00:00' */;
/*!40014 SET @OLD_UNIQUE_CHECKS=@@UNIQUE_CHECKS, UNIQUE_CHECKS=0 */;
/*!40014 SET @OLD_FOREIGN_KEY_CHECKS=@@FOREIGN_KEY_CHECKS, FOREIGN_KEY_CHECKS=0 */;
/*!40101 SET @OLD_SQL_MODE=@@SQL_MODE, SQL_MODE='NO_AUTO_VALUE_ON_ZERO' */;
/*!40111 SET @OLD_SQL_NOTES=@@SQL_NOTES, SQL_NOTES=0 */;

--
-- Table structure for table `designation_feedback_metric`
--

DROP TABLE IF EXISTS `designation_feedback_metric`;
/*!40101 SET @saved_cs_client     = @@character_set_client */;
/*!40101 SET character_set_client = utf8 */;
CREATE TABLE `designation_feedback_metric` (
  `id` int(10) unsigned NOT NULL AUTO_INCREMENT,
  `metrics_id` int(10) unsigned NOT NULL,
  `navigator_designation_id` int(10) unsigned NOT NULL,
  `is_mandatory` tinyint(1) NOT NULL,
  `created_at` timestamp NOT NULL DEFAULT '0000-00-00 00:00:00',
  `updated_at` timestamp NOT NULL DEFAULT '0000-00-00 00:00:00',
  PRIMARY KEY (`id`)
) ENGINE=InnoDB AUTO_INCREMENT=210 DEFAULT CHARSET=utf8 COLLATE=utf8_unicode_ci;
/*!40101 SET character_set_client = @saved_cs_client */;

--
-- Dumping data for table `designation_feedback_metric`
--

LOCK TABLES `designation_feedback_metric` WRITE;
/*!40000 ALTER TABLE `designation_feedback_metric` DISABLE KEYS */;
INSERT INTO `designation_feedback_metric` VALUES (1,3,5,1,'0000-00-00 00:00:00','0000-00-00 00:00:00'),(2,4,5,1,'0000-00-00 00:00:00','0000-00-00 00:00:00'),(3,5,42,1,'0000-00-00 00:00:00','0000-00-00 00:00:00'),(4,6,46,1,'0000-00-00 00:00:00','0000-00-00 00:00:00'),(5,7,5,1,'0000-00-00 00:00:00','0000-00-00 00:00:00'),(6,8,5,1,'0000-00-00 00:00:00','0000-00-00 00:00:00'),(7,9,6,1,'0000-00-00 00:00:00','0000-00-00 00:00:00'),(8,10,42,1,'0000-00-00 00:00:00','0000-00-00 00:00:00'),(9,11,42,1,'0000-00-00 00:00:00','0000-00-00 00:00:00'),(10,12,46,1,'0000-00-00 00:00:00','0000-00-00 00:00:00'),(11,13,42,1,'0000-00-00 00:00:00','0000-00-00 00:00:00'),(12,14,42,1,'0000-00-00 00:00:00','0000-00-00 00:00:00'),(13,15,42,1,'0000-00-00 00:00:00','0000-00-00 00:00:00'),(14,16,42,1,'0000-00-00 00:00:00','0000-00-00 00:00:00'),(15,17,42,1,'0000-00-00 00:00:00','0000-00-00 00:00:00'),(16,18,42,1,'0000-00-00 00:00:00','0000-00-00 00:00:00'),(17,19,39,1,'0000-00-00 00:00:00','0000-00-00 00:00:00'),(18,20,39,1,'0000-00-00 00:00:00','0000-00-00 00:00:00'),(19,21,42,1,'0000-00-00 00:00:00','0000-00-00 00:00:00'),(20,22,42,1,'0000-00-00 00:00:00','0000-00-00 00:00:00'),(21,23,42,1,'0000-00-00 00:00:00','0000-00-00 00:00:00'),(22,24,42,1,'0000-00-00 00:00:00','0000-00-00 00:00:00'),(23,25,42,1,'0000-00-00 00:00:00','0000-00-00 00:00:00'),(24,26,42,1,'0000-00-00 00:00:00','0000-00-00 00:00:00'),(25,27,42,1,'0000-00-00 00:00:00','0000-00-00 00:00:00'),(26,28,42,1,'0000-00-00 00:00:00','0000-00-00 00:00:00'),(27,29,42,1,'0000-00-00 00:00:00','0000-00-00 00:00:00'),(28,30,42,1,'0000-00-00 00:00:00','0000-00-00 00:00:00'),(29,31,42,1,'0000-00-00 00:00:00','0000-00-00 00:00:00'),(30,32,42,1,'0000-00-00 00:00:00','0000-00-00 00:00:00'),(31,33,42,1,'0000-00-00 00:00:00','0000-00-00 00:00:00'),(32,34,42,1,'0000-00-00 00:00:00','0000-00-00 00:00:00'),(33,35,42,1,'0000-00-00 00:00:00','0000-00-00 00:00:00'),(34,55,3,1,'0000-00-00 00:00:00','0000-00-00 00:00:00'),(35,4,3,1,'0000-00-00 00:00:00','0000-00-00 00:00:00'),(36,5,3,1,'0000-00-00 00:00:00','0000-00-00 00:00:00'),(37,6,3,1,'0000-00-00 00:00:00','0000-00-00 00:00:00'),(38,56,3,1,'0000-00-00 00:00:00','0000-00-00 00:00:00'),(39,8,3,1,'0000-00-00 00:00:00','0000-00-00 00:00:00'),(40,9,3,1,'0000-00-00 00:00:00','0000-00-00 00:00:00'),(41,10,3,1,'0000-00-00 00:00:00','0000-00-00 00:00:00'),(42,57,3,1,'0000-00-00 00:00:00','0000-00-00 00:00:00'),(43,12,3,1,'0000-00-00 00:00:00','0000-00-00 00:00:00'),(44,13,3,1,'0000-00-00 00:00:00','0000-00-00 00:00:00'),(45,14,3,1,'0000-00-00 00:00:00','0000-00-00 00:00:00'),(46,15,3,0,'0000-00-00 00:00:00','0000-00-00 00:00:00'),(47,16,3,0,'0000-00-00 00:00:00','0000-00-00 00:00:00'),(48,17,3,1,'0000-00-00 00:00:00','0000-00-00 00:00:00'),(49,18,3,1,'0000-00-00 00:00:00','0000-00-00 00:00:00'),(50,19,3,1,'0000-00-00 00:00:00','0000-00-00 00:00:00'),(51,20,3,1,'0000-00-00 00:00:00','0000-00-00 00:00:00'),(52,21,3,0,'0000-00-00 00:00:00','0000-00-00 00:00:00'),(53,22,3,1,'0000-00-00 00:00:00','0000-00-00 00:00:00'),(54,23,3,0,'0000-00-00 00:00:00','0000-00-00 00:00:00'),(55,24,3,1,'0000-00-00 00:00:00','0000-00-00 00:00:00'),(56,25,3,1,'0000-00-00 00:00:00','0000-00-00 00:00:00'),(57,26,3,1,'0000-00-00 00:00:00','0000-00-00 00:00:00'),(58,27,3,1,'0000-00-00 00:00:00','0000-00-00 00:00:00'),(59,28,3,1,'0000-00-00 00:00:00','0000-00-00 00:00:00'),(60,29,3,0,'0000-00-00 00:00:00','0000-00-00 00:00:00'),(61,30,3,1,'0000-00-00 00:00:00','0000-00-00 00:00:00'),(62,31,3,1,'0000-00-00 00:00:00','0000-00-00 00:00:00'),(63,32,3,1,'0000-00-00 00:00:00','0000-00-00 00:00:00'),(64,33,3,1,'0000-00-00 00:00:00','0000-00-00 00:00:00'),(65,34,3,1,'0000-00-00 00:00:00','0000-00-00 00:00:00'),(66,35,3,1,'0000-00-00 00:00:00','0000-00-00 00:00:00'),(67,3,4,1,'0000-00-00 00:00:00','0000-00-00 00:00:00'),(68,4,4,1,'0000-00-00 00:00:00','0000-00-00 00:00:00'),(69,5,4,1,'0000-00-00 00:00:00','0000-00-00 00:00:00'),(70,6,4,0,'0000-00-00 00:00:00','0000-00-00 00:00:00'),(71,7,4,0,'0000-00-00 00:00:00','0000-00-00 00:00:00'),(72,8,4,0,'0000-00-00 00:00:00','0000-00-00 00:00:00'),(73,9,4,1,'0000-00-00 00:00:00','0000-00-00 00:00:00'),(74,10,4,1,'0000-00-00 00:00:00','0000-00-00 00:00:00'),(75,11,4,1,'0000-00-00 00:00:00','0000-00-00 00:00:00'),(76,12,4,1,'0000-00-00 00:00:00','0000-00-00 00:00:00'),(77,13,4,1,'0000-00-00 00:00:00','0000-00-00 00:00:00'),(78,14,4,0,'0000-00-00 00:00:00','0000-00-00 00:00:00'),(79,15,4,0,'0000-00-00 00:00:00','0000-00-00 00:00:00'),(80,16,4,0,'0000-00-00 00:00:00','0000-00-00 00:00:00'),(81,17,4,1,'0000-00-00 00:00:00','0000-00-00 00:00:00'),(82,18,4,0,'0000-00-00 00:00:00','0000-00-00 00:00:00'),(83,19,4,0,'0000-00-00 00:00:00','0000-00-00 00:00:00'),(84,20,4,1,'0000-00-00 00:00:00','0000-00-00 00:00:00'),(85,21,4,0,'0000-00-00 00:00:00','0000-00-00 00:00:00'),(86,22,4,1,'0000-00-00 00:00:00','0000-00-00 00:00:00'),(87,23,4,0,'0000-00-00 00:00:00','0000-00-00 00:00:00'),(88,24,4,0,'0000-00-00 00:00:00','0000-00-00 00:00:00'),(89,25,4,1,'0000-00-00 00:00:00','0000-00-00 00:00:00'),(90,26,4,1,'0000-00-00 00:00:00','0000-00-00 00:00:00'),(91,27,4,1,'0000-00-00 00:00:00','0000-00-00 00:00:00'),(92,28,4,1,'0000-00-00 00:00:00','0000-00-00 00:00:00'),(93,29,4,0,'0000-00-00 00:00:00','0000-00-00 00:00:00'),(94,30,4,0,'0000-00-00 00:00:00','0000-00-00 00:00:00'),(95,31,4,1,'0000-00-00 00:00:00','0000-00-00 00:00:00'),(96,32,4,0,'0000-00-00 00:00:00','0000-00-00 00:00:00'),(97,33,4,1,'0000-00-00 00:00:00','0000-00-00 00:00:00'),(98,34,4,1,'0000-00-00 00:00:00','0000-00-00 00:00:00'),(99,35,4,1,'0000-00-00 00:00:00','0000-00-00 00:00:00'),(100,3,5,0,'0000-00-00 00:00:00','0000-00-00 00:00:00'),(101,4,5,1,'0000-00-00 00:00:00','0000-00-00 00:00:00'),(102,5,5,1,'0000-00-00 00:00:00','0000-00-00 00:00:00'),(103,6,5,0,'0000-00-00 00:00:00','0000-00-00 00:00:00'),(104,7,5,0,'0000-00-00 00:00:00','0000-00-00 00:00:00'),(105,8,5,0,'0000-00-00 00:00:00','0000-00-00 00:00:00'),(106,9,5,0,'0000-00-00 00:00:00','0000-00-00 00:00:00'),(107,10,5,1,'0000-00-00 00:00:00','0000-00-00 00:00:00'),(108,11,5,1,'0000-00-00 00:00:00','0000-00-00 00:00:00'),(109,12,5,1,'0000-00-00 00:00:00','0000-00-00 00:00:00'),(110,13,5,1,'0000-00-00 00:00:00','0000-00-00 00:00:00'),(111,14,5,0,'0000-00-00 00:00:00','0000-00-00 00:00:00'),(112,15,5,0,'0000-00-00 00:00:00','0000-00-00 00:00:00'),(113,16,5,0,'0000-00-00 00:00:00','0000-00-00 00:00:00'),(114,17,5,0,'0000-00-00 00:00:00','0000-00-00 00:00:00'),(115,18,5,0,'0000-00-00 00:00:00','0000-00-00 00:00:00'),(116,19,5,0,'0000-00-00 00:00:00','0000-00-00 00:00:00'),(117,20,5,0,'0000-00-00 00:00:00','0000-00-00 00:00:00'),(118,21,5,0,'0000-00-00 00:00:00','0000-00-00 00:00:00'),(119,22,5,0,'0000-00-00 00:00:00','0000-00-00 00:00:00'),(120,23,5,0,'0000-00-00 00:00:00','0000-00-00 00:00:00'),(121,24,5,0,'0000-00-00 00:00:00','0000-00-00 00:00:00'),(122,25,5,1,'0000-00-00 00:00:00','0000-00-00 00:00:00'),(123,26,5,1,'0000-00-00 00:00:00','0000-00-00 00:00:00'),(124,27,5,1,'0000-00-00 00:00:00','0000-00-00 00:00:00'),(125,28,5,1,'0000-00-00 00:00:00','0000-00-00 00:00:00'),(126,29,5,0,'0000-00-00 00:00:00','0000-00-00 00:00:00'),(127,30,5,0,'0000-00-00 00:00:00','0000-00-00 00:00:00'),(128,31,5,1,'0000-00-00 00:00:00','0000-00-00 00:00:00'),(129,32,5,0,'0000-00-00 00:00:00','0000-00-00 00:00:00'),(130,33,5,0,'0000-00-00 00:00:00','0000-00-00 00:00:00'),(131,34,5,1,'0000-00-00 00:00:00','0000-00-00 00:00:00'),(132,35,5,1,'0000-00-00 00:00:00','0000-00-00 00:00:00'),(133,26,5,0,'0000-00-00 00:00:00','0000-00-00 00:00:00'),(134,97,40,1,'0000-00-00 00:00:00','0000-00-00 00:00:00'),(135,96,40,1,'0000-00-00 00:00:00','0000-00-00 00:00:00'),(136,95,40,1,'0000-00-00 00:00:00','0000-00-00 00:00:00'),(137,94,40,1,'0000-00-00 00:00:00','0000-00-00 00:00:00'),(138,93,40,1,'0000-00-00 00:00:00','0000-00-00 00:00:00'),(139,92,40,1,'0000-00-00 00:00:00','0000-00-00 00:00:00'),(140,91,40,1,'0000-00-00 00:00:00','0000-00-00 00:00:00'),(141,76,20,1,'0000-00-00 00:00:00','0000-00-00 00:00:00'),(142,77,20,1,'0000-00-00 00:00:00','0000-00-00 00:00:00'),(143,78,20,1,'0000-00-00 00:00:00','0000-00-00 00:00:00'),(144,79,20,1,'0000-00-00 00:00:00','0000-00-00 00:00:00'),(145,80,20,1,'0000-00-00 00:00:00','0000-00-00 00:00:00'),(146,81,20,1,'0000-00-00 00:00:00','0000-00-00 00:00:00'),(147,82,20,1,'0000-00-00 00:00:00','0000-00-00 00:00:00'),(148,83,20,1,'0000-00-00 00:00:00','0000-00-00 00:00:00'),(149,84,20,1,'0000-00-00 00:00:00','0000-00-00 00:00:00'),(150,85,20,1,'0000-00-00 00:00:00','0000-00-00 00:00:00'),(151,86,20,1,'0000-00-00 00:00:00','0000-00-00 00:00:00'),(152,87,20,1,'0000-00-00 00:00:00','0000-00-00 00:00:00'),(153,88,20,1,'0000-00-00 00:00:00','0000-00-00 00:00:00'),(154,89,20,1,'0000-00-00 00:00:00','0000-00-00 00:00:00'),(155,90,20,1,'0000-00-00 00:00:00','0000-00-00 00:00:00'),(156,61,22,1,'0000-00-00 00:00:00','0000-00-00 00:00:00'),(157,63,22,1,'0000-00-00 00:00:00','0000-00-00 00:00:00'),(158,62,22,1,'0000-00-00 00:00:00','0000-00-00 00:00:00'),(159,69,22,1,'0000-00-00 00:00:00','0000-00-00 00:00:00'),(160,68,22,1,'0000-00-00 00:00:00','0000-00-00 00:00:00'),(161,67,22,1,'0000-00-00 00:00:00','0000-00-00 00:00:00'),(162,64,22,1,'0000-00-00 00:00:00','0000-00-00 00:00:00'),(163,70,22,1,'0000-00-00 00:00:00','0000-00-00 00:00:00'),(164,65,22,1,'0000-00-00 00:00:00','0000-00-00 00:00:00'),(165,66,22,1,'0000-00-00 00:00:00','0000-00-00 00:00:00'),(166,71,22,1,'0000-00-00 00:00:00','0000-00-00 00:00:00'),(167,72,22,1,'0000-00-00 00:00:00','0000-00-00 00:00:00'),(168,73,22,1,'0000-00-00 00:00:00','0000-00-00 00:00:00'),(169,74,22,1,'0000-00-00 00:00:00','0000-00-00 00:00:00'),(170,60,3,1,'0000-00-00 00:00:00','0000-00-00 00:00:00'),(171,40,22,1,'0000-00-00 00:00:00','0000-00-00 00:00:00'),(172,41,3,1,'0000-00-00 00:00:00','0000-00-00 00:00:00'),(173,37,22,1,'0000-00-00 00:00:00','0000-00-00 00:00:00'),(174,45,3,1,'0000-00-00 00:00:00','0000-00-00 00:00:00'),(175,46,3,1,'0000-00-00 00:00:00','0000-00-00 00:00:00'),(176,44,3,1,'0000-00-00 00:00:00','0000-00-00 00:00:00'),(177,47,3,1,'0000-00-00 00:00:00','0000-00-00 00:00:00'),(178,43,3,1,'0000-00-00 00:00:00','0000-00-00 00:00:00'),(179,49,3,1,'0000-00-00 00:00:00','0000-00-00 00:00:00'),(180,51,3,1,'0000-00-00 00:00:00','0000-00-00 00:00:00'),(181,52,3,1,'0000-00-00 00:00:00','0000-00-00 00:00:00'),(182,45,7,1,'0000-00-00 00:00:00','0000-00-00 00:00:00'),(183,43,7,1,'0000-00-00 00:00:00','0000-00-00 00:00:00'),(184,44,7,1,'0000-00-00 00:00:00','0000-00-00 00:00:00'),(185,47,7,1,'0000-00-00 00:00:00','0000-00-00 00:00:00'),(186,48,7,1,'0000-00-00 00:00:00','0000-00-00 00:00:00'),(187,49,7,1,'0000-00-00 00:00:00','0000-00-00 00:00:00'),(188,54,7,1,'0000-00-00 00:00:00','0000-00-00 00:00:00'),(189,52,7,1,'0000-00-00 00:00:00','0000-00-00 00:00:00'),(190,53,7,1,'0000-00-00 00:00:00','0000-00-00 00:00:00'),(191,27,7,1,'0000-00-00 00:00:00','0000-00-00 00:00:00'),(192,26,7,1,'0000-00-00 00:00:00','0000-00-00 00:00:00'),(193,29,7,1,'0000-00-00 00:00:00','0000-00-00 00:00:00'),(194,31,7,1,'0000-00-00 00:00:00','0000-00-00 00:00:00'),(195,32,7,1,'0000-00-00 00:00:00','0000-00-00 00:00:00'),(196,39,7,1,'0000-00-00 00:00:00','0000-00-00 00:00:00'),(197,38,7,1,'0000-00-00 00:00:00','0000-00-00 00:00:00'),(198,37,7,1,'0000-00-00 00:00:00','0000-00-00 00:00:00'),(199,35,7,1,'0000-00-00 00:00:00','0000-00-00 00:00:00'),(200,34,7,1,'0000-00-00 00:00:00','0000-00-00 00:00:00'),(201,60,7,1,'0000-00-00 00:00:00','0000-00-00 00:00:00'),(202,33,7,1,'0000-00-00 00:00:00','0000-00-00 00:00:00'),(203,36,7,1,'0000-00-00 00:00:00','0000-00-00 00:00:00'),(204,40,7,1,'0000-00-00 00:00:00','0000-00-00 00:00:00'),(205,41,7,1,'0000-00-00 00:00:00','0000-00-00 00:00:00'),(206,55,7,1,'0000-00-00 00:00:00','0000-00-00 00:00:00'),(207,56,7,1,'0000-00-00 00:00:00','0000-00-00 00:00:00'),(208,57,7,1,'0000-00-00 00:00:00','0000-00-00 00:00:00'),(209,58,7,1,'0000-00-00 00:00:00','0000-00-00 00:00:00');
/*!40000 ALTER TABLE `designation_feedback_metric` ENABLE KEYS */;
UNLOCK TABLES;

--
-- Table structure for table `domain_objects`
--

DROP TABLE IF EXISTS `domain_objects`;
/*!40101 SET @saved_cs_client     = @@character_set_client */;
/*!40101 SET character_set_client = utf8 */;
CREATE TABLE `domain_objects` (
  `id` int(10) unsigned NOT NULL AUTO_INCREMENT,
  `model_name` text COLLATE utf8_unicode_ci,
  `primary_key_value` int(11) DEFAULT NULL,
  `created_at` timestamp NOT NULL DEFAULT '0000-00-00 00:00:00',
  `updated_at` timestamp NOT NULL DEFAULT '0000-00-00 00:00:00',
  PRIMARY KEY (`id`)
) ENGINE=InnoDB DEFAULT CHARSET=utf8 COLLATE=utf8_unicode_ci;
/*!40101 SET character_set_client = @saved_cs_client */;

--
-- Dumping data for table `domain_objects`
--

LOCK TABLES `domain_objects` WRITE;
/*!40000 ALTER TABLE `domain_objects` DISABLE KEYS */;
/*!40000 ALTER TABLE `domain_objects` ENABLE KEYS */;
UNLOCK TABLES;

--
-- Table structure for table `expectation`
--

DROP TABLE IF EXISTS `expectation`;
/*!40101 SET @saved_cs_client     = @@character_set_client */;
/*!40101 SET character_set_client = utf8 */;
CREATE TABLE `expectation` (
  `id` int(10) unsigned NOT NULL AUTO_INCREMENT,
  `name` varchar(255) COLLATE utf8_unicode_ci NOT NULL,
  `status` tinyint(1) NOT NULL,
  `created_at` timestamp NOT NULL DEFAULT '0000-00-00 00:00:00',
  `updated_at` timestamp NOT NULL DEFAULT '0000-00-00 00:00:00',
  `expectation_value` int(11) DEFAULT NULL,
  PRIMARY KEY (`id`),
  UNIQUE KEY `expectation_name_unique` (`name`)
) ENGINE=InnoDB AUTO_INCREMENT=6 DEFAULT CHARSET=utf8 COLLATE=utf8_unicode_ci;
/*!40101 SET character_set_client = @saved_cs_client */;

--
-- Dumping data for table `expectation`
--

LOCK TABLES `expectation` WRITE;
/*!40000 ALTER TABLE `expectation` DISABLE KEYS */;
INSERT INTO `expectation` VALUES (1,'Did not meet Expectations',1,'2015-08-05 05:12:58','2015-08-05 05:12:58',1),(2,'Partially Achieved Expectations',1,'2015-08-05 05:12:58','2015-08-05 05:12:58',2),(3,'Achieved Expectations',1,'2015-08-05 05:12:58','2015-08-05 05:12:58',3),(4,'Exceeded Expectations',1,'2015-08-05 05:12:58','2015-08-05 05:12:58',4),(5,'Far Exceeded Exceptions',1,'2015-08-05 05:12:58','2015-08-05 05:12:58',5);
/*!40000 ALTER TABLE `expectation` ENABLE KEYS */;
UNLOCK TABLES;

--
-- Table structure for table `feedback_metrics`
--

DROP TABLE IF EXISTS `feedback_metrics`;
/*!40101 SET @saved_cs_client     = @@character_set_client */;
/*!40101 SET character_set_client = utf8 */;
CREATE TABLE `feedback_metrics` (
  `id` int(10) unsigned NOT NULL AUTO_INCREMENT,
  `metrics` varchar(255) COLLATE utf8_unicode_ci NOT NULL,
  `metrics_rating` int(11) NOT NULL,
  `category_id` int(10) unsigned NOT NULL,
  `sort` int(11) NOT NULL,
  `status` tinyint(1) NOT NULL,
  `created_at` timestamp NOT NULL DEFAULT '0000-00-00 00:00:00',
  `updated_at` timestamp NOT NULL DEFAULT '0000-00-00 00:00:00',
  PRIMARY KEY (`id`),
  UNIQUE KEY `feedback_metrics_metrics_unique` (`metrics`)
) ENGINE=InnoDB AUTO_INCREMENT=98 DEFAULT CHARSET=utf8 COLLATE=utf8_unicode_ci;
/*!40101 SET character_set_client = @saved_cs_client */;

--
-- Dumping data for table `feedback_metrics`
--

LOCK TABLES `feedback_metrics` WRITE;
/*!40000 ALTER TABLE `feedback_metrics` DISABLE KEYS */;
INSERT INTO `feedback_metrics` VALUES (1,'Timely project delivery:Complete 95% assignments 95% on time and with:\n < 1% defects during Unit Test\n < 2% defects during System Test\n < 5% defects during UAT',1,1,1,1,'2016-07-07 10:28:05','2016-07-07 10:28:05'),(2,'Timely project delivery:Complete 98% assignments 95% on time, within assigned effort and with:\n< 1% defects during Unit Test\n< 2% defects during System Test\n< 5% defects during UAT',1,1,3,1,'2016-07-07 10:28:05','2016-07-07 10:28:05'),(3,'Process Adherence:Comply with 100% defined processes & templates',1,1,5,1,'2016-07-07 10:28:05','2016-07-07 10:28:05'),(4,'Process Adherence:Non-compliance will be tracked by the audit processes that are being initiated',1,1,6,1,'2016-07-07 10:28:05','2016-07-07 10:28:05'),(5,'Client interaction (need basis):Report accurately to the client project status as per the directions of the PM',1,1,7,1,'2016-07-07 10:28:05','2016-07-07 10:28:05'),(6,'Client interaction (need basis): Incentive to Engineers for reporting to PM account growth activity and / or any details about new projects and initiatives. Incentives to be regulated as per Compassites R&R program',1,1,8,1,'2016-07-07 10:28:05','2016-07-07 10:28:05'),(7,'Status reporting:Report accurately and truthfully 100% of the time on assigned deliverables',1,1,9,1,'2016-07-07 10:28:06','2016-07-07 10:28:06'),(8,'Exploring newer tools and solutions:Invest 3 hours a week on reading new technologies and concepts',1,1,12,1,'2016-07-07 10:28:06','2016-07-07 10:28:06'),(9,'Exploring newer tools and solutions:Compliance of above KRA to be done thru tracking the number of presentations done to the project team and the Practice(To be defined by PM and Practice Head)',1,1,13,1,'2016-07-07 10:28:06','2016-07-07 10:28:06'),(10,'Status reporting',1,1,14,1,'2016-07-07 10:28:06','2016-07-07 10:28:06'),(11,'Problem solving:Adopt proactive approach to problem identification, risk identification 100% of the time  in a time appropriate manner',1,1,15,1,'2016-07-07 10:28:06','2016-07-07 10:28:06'),(12,'Problem solving:Contribute diligently towards solutions for the identified problems and risks either towards research, ideas and / or consultation',1,1,16,1,'2016-07-07 10:28:06','2016-07-07 10:28:06'),(13,'Problem solving:Provide incentives towards such identified project team members as per Compassites Risk & Reward program',1,1,17,1,'2016-07-07 10:28:06','2016-07-07 10:28:06'),(14,'Establish client communication (need basis)',1,2,1,1,'2016-07-07 10:28:06','2016-07-07 10:28:06'),(15,'Exploring newer tools and solutions',1,2,2,1,'2016-07-07 10:28:06','2016-07-07 10:28:06'),(16,'Client interaction',1,2,3,1,'2016-07-07 10:28:06','2016-07-07 10:28:06'),(17,'Quality project delivery',1,2,4,1,'2016-07-07 10:28:06','2016-07-07 10:28:06'),(18,'Effort Estimation of Projects',1,2,5,1,'2016-07-07 10:28:06','2016-07-07 10:28:06'),(19,'Release management (need basis)',1,2,6,1,'2016-07-07 10:28:06','2016-07-07 10:28:06'),(20,'Reporting to management (need basis)',1,2,7,1,'2016-07-07 10:28:06','2016-07-07 10:28:06'),(21,'Documentation & Archival of Projects',1,3,1,1,'2016-07-07 10:28:06','2016-07-07 10:28:06'),(22,'Process Adherence',1,3,2,1,'2016-07-07 10:28:06','2016-07-07 10:28:06'),(23,'Problem sovling',1,3,3,1,'2016-07-07 10:28:06','2016-07-07 10:28:06'),(24,'Monitor and manage project',1,3,5,1,'2016-07-07 10:28:06','2016-07-07 10:28:06'),(25,'Establish client communication',1,3,6,1,'2016-07-07 10:28:06','2016-07-07 10:28:06'),(26,'Company branding',1,3,7,1,'2016-07-07 10:28:06','2016-07-07 10:28:06'),(27,'Build/Improve Competency',1,3,8,1,'2016-07-07 10:28:06','2016-07-07 10:28:06'),(28,'Lead creation',1,3,9,1,'2016-07-07 10:28:06','2016-07-07 10:28:06'),(29,'Build newer solutions',1,3,10,1,'2016-07-07 10:28:06','2016-07-07 10:28:06'),(30,'Help creation of marketing material',1,3,11,1,'2016-07-07 10:28:06','2016-07-07 10:28:06'),(31,'Participation in public events',1,3,12,1,'2016-07-07 10:28:06','2016-07-07 10:28:06'),(32,'Identify future opportunities',1,3,13,1,'2016-07-07 10:28:06','2016-07-07 10:28:06'),(33,'Mentoring',1,3,14,1,'2016-07-07 10:28:06','2016-07-07 10:28:06'),(34,'Conflict Resolution',1,3,15,1,'2016-07-07 10:28:06','2016-07-07 10:28:06'),(35,'Interaction with Team',1,3,16,1,'2016-07-07 10:28:06','2016-07-07 10:28:06'),(36,'Training activity',1,3,17,1,'2016-07-07 10:28:06','2016-07-07 10:28:06'),(37,'Being a Team Player',1,3,18,1,'2016-07-07 10:28:06','2016-07-07 10:28:06'),(38,'Communication and presentation skills',1,3,19,1,'2016-07-07 10:28:06','2016-07-07 10:28:06'),(39,'Continious Self Improvement',1,3,20,1,'2016-07-07 10:28:06','2016-07-07 10:28:06'),(40,'Maintaining relationship with Peers/Subordinates and Seniors',1,3,21,1,'2016-07-07 10:28:06','2016-07-07 10:28:06'),(41,'Participation in Org Activities',1,3,22,1,'2016-07-07 10:28:06','2016-07-07 10:28:06'),(42,'Capturing Requirements- Ensuring the quality of the scope document: To be fixed at 90% of original scope in terms of requirements.',1,1,1,1,'2016-07-07 10:28:06','2016-07-07 10:28:06'),(43,'Capturing Requirements- Timely creation of the Requirements Document',1,1,2,1,'2016-07-07 10:28:06','2016-07-07 10:28:06'),(44,'Capturing Requirements - In Time creation of the Requirements Analysis Document',1,1,3,1,'2016-07-07 10:28:06','2016-07-07 10:28:06'),(45,'Capturing Requirements - Ensuring the quality of the scope document: To be fixed at 95% of original scope in terms of requirements.',1,1,4,1,'2016-07-07 10:28:06','2016-07-07 10:28:06'),(46,'Capturing Requirements - Ensuring the quality of the scope document: To be fixed at 98% of original scope in terms of requirements.',1,1,5,1,'2016-07-07 10:28:06','2016-07-07 10:28:06'),(47,'Quality of Requirements- Time taken from ideation of Requirements to approval from clients',1,1,6,1,'2016-07-07 10:28:06','2016-07-07 10:28:06'),(48,'Quality of Requirements- Improvement in Productivity for the client as a result of the solution',1,1,7,1,'2016-07-07 10:28:06','2016-07-07 10:28:06'),(49,'Quality of Requirements- End User Satisfaction',1,1,8,1,'2016-07-07 10:28:06','2016-07-07 10:28:06'),(50,'Quality of Requirements- Number of Requirements requiring re-work < 5%',1,1,9,1,'2016-07-07 10:28:06','2016-07-07 10:28:06'),(51,'Quality of Requirements- Number of missing Requirements < 5%',1,1,10,1,'2016-07-07 10:28:06','2016-07-07 10:28:06'),(52,'Quality of Requirements- Number of unnecessary and additional requirements < 5%',1,1,11,1,'2016-07-07 10:28:06','2016-07-07 10:28:06'),(53,'Quality of Requirements- Number of Requirements requiring re-work < 3%',1,1,12,1,'2016-07-07 10:28:06','2016-07-07 10:28:06'),(54,'Quality of Requirements- Number of missing Requirements < 3%',1,1,13,1,'2016-07-07 10:28:06','2016-07-07 10:28:06'),(55,'Process Adherence- 100% process compliance expected',1,1,14,1,'2016-07-07 10:28:06','2016-07-07 10:28:06'),(56,'Status reporting- 100% Timely reporting on the status as defined in the project governance / plan document',1,1,15,1,'2016-07-07 10:28:06','2016-07-07 10:28:06'),(57,'Problem solving- Showcase a positive attitude towards problem solving',1,1,16,1,'2016-07-07 10:28:06','2016-07-07 10:28:06'),(58,'Establish client communication - Expect timely, prompt and accurate client communication',1,1,17,1,'2016-07-07 10:28:06','2016-07-07 10:28:06'),(59,'Continuous Self Improvement',1,1,1,1,'2016-07-07 10:28:06','2016-07-07 10:28:06'),(60,'Team building activity',1,2,2,1,'2016-07-07 10:28:06','2016-07-07 10:28:06'),(61,'Build Delivery Excellence in the various types of projects undertaken by Compassites, including:  Maintenance Projects',1,2,3,1,'2016-07-07 10:28:06','2016-07-07 10:28:06'),(62,'Build Delivery Excellence in the various types of projects undertaken by Compassites, including:Modernization Projects including Re-engineering, Digital Projects in flight to help deliver efficiencies and automation and introduce global platforms',1,2,4,1,'2016-07-07 10:28:06','2016-07-07 10:28:06'),(63,'Build Delivery Excellence in the various types of projects undertaken by Compassites, including:Development engagements',1,1,5,1,'2016-07-07 10:28:06','2016-07-07 10:28:06'),(64,'Delivery Excellence to be measured across the following parameters: Earned Value (EV):Or, Budgeted Cost of Work performed (BCWP)\nIt shows how much planned work you have accomplished and the budget for these accomplishments.',1,1,6,1,'2016-07-07 10:28:06','2016-07-07 10:28:06'),(65,'Delivery Excellence to be measured across the following parameters:Schedule variance = EV - PV\nIf value is negative, PM has achieved more than planned.',1,1,7,1,'2016-07-07 10:28:06','2016-07-07 10:28:06'),(66,'Delivery Excellence to be measured across the following parameters:Scope Management',1,1,8,1,'2016-07-07 10:28:06','2016-07-07 10:28:06'),(67,'Delivery Excellence to be measured across the following parameters:\nSchedule and Effort Overruns\n',1,1,9,1,'2016-07-07 10:28:06','2016-07-07 10:28:06'),(68,'Delivery Excellence to be measured across the following parameters:\nDefect Management and metrics surrounding the capture and fix of defects within a project, within an account and within a Practice',1,1,10,1,'2016-07-07 10:28:06','2016-07-07 10:28:06'),(69,'Delivery Excellence to be measured across the following parameters:\nBuild Program Management capability for handling multiple accounts across distributed technologies and /or multiple accounts across the same Technology',1,1,11,1,'2016-07-07 10:28:06','2016-07-07 10:28:06'),(70,'Delivery Excellence to be measured across the following parameters:Institutionalize usage of tools and determine ways of measuring Knowledge Transfer efficiencies across multiple project types',1,1,12,1,'2016-07-07 10:28:06','2016-07-07 10:28:06'),(71,'Team management and attrition management',1,1,13,1,'2016-07-07 10:28:06','2016-07-07 10:28:06'),(72,'Project profitability ',1,1,14,1,'2016-07-07 10:28:06','2016-07-07 10:28:06'),(73,'Create & pass on re-use components (that evolves)',1,1,15,1,'2016-07-07 10:28:06','2016-07-07 10:28:06'),(74,'Identify, nurture and develop future Delivery Leaders',1,1,16,1,'2016-07-07 10:28:06','2016-07-07 10:28:06'),(75,'Responsibilities involve the overall growth ownership of the practice, including: ',1,1,1,1,'2016-07-07 10:28:06','2016-07-07 10:28:06'),(76,'Primary contact for Sales / Pre-Sales / Other Practices',1,1,2,1,'2016-07-07 10:28:06','2016-07-07 10:28:06'),(77,'Providing strategic directions for Practice\nImplement the agreed upon strategic directions for the Practice.',1,1,3,1,'2016-07-07 10:28:06','2016-07-07 10:28:06'),(78,'Business planning, revenue model in liaison with Sales',1,1,4,1,'2016-07-07 10:28:06','2016-07-07 10:28:06'),(79,'Partnerships / Alliances – work with Sales, Technology alliances and Marketing team',1,1,5,1,'2016-07-07 10:28:06','2016-07-07 10:28:06'),(80,'Budgeting/Spend for practice',1,1,6,1,'2016-07-07 10:28:06','2016-07-07 10:28:06'),(81,'People Management',1,1,7,1,'2016-07-07 10:28:06','2016-07-07 10:28:06'),(82,'Operations Consolidation',1,1,8,1,'2016-07-07 10:28:06','2016-07-07 10:28:06'),(83,'Practice review meetings',1,1,9,1,'2016-07-07 10:28:06','2016-07-07 10:28:06'),(84,'Prepare and maintain collaborative sales material',1,1,10,1,'2016-07-07 10:28:06','2016-07-07 10:28:06'),(85,'Monthly calls with Sales',1,1,11,1,'2016-07-07 10:28:06','2016-07-07 10:28:06'),(86,'Management Reporting - consolidated for Executive Summary, utilization, attrition',1,1,12,1,'2016-07-07 10:28:06','2016-07-07 10:28:06'),(87,'Escalation point for other roles in practice Creation of New Service Offerings and educating the Sales Force and help create the startegy / plan for business development initiatives ',1,1,13,1,'2016-07-07 10:28:06','2016-07-07 10:28:06'),(88,'Send periodic updates to BDMs /Igs',1,1,14,1,'2016-07-07 10:28:06','2016-07-07 10:28:06'),(89,'Build and Maintain Centers of Excellence (CoE). Monitor / Review the progress by the CoE.',1,1,15,1,'2016-07-07 10:28:06','2016-07-07 10:28:06'),(90,'Create and monitor the training plans of team members and address competency building in a proactive manner.',1,1,16,1,'2016-07-07 10:28:06','2016-07-07 10:28:06'),(91,'Prepare process and methodologies for practice / technology / Delivery areas compliant to CMMi v 1.3 for AD projects',1,1,1,1,'2016-07-07 10:28:06','2016-07-07 10:28:06'),(92,'Build specific processes/approach/methodologies addressing the 3 types of customers that we deal with, namely:\na) Start-up\nb) SMB\nc) Enterprises',1,1,1,1,'2016-07-07 10:28:06','2016-07-07 10:28:06'),(93,'Identify, Modify and Institutionalize Best Practices  ',1,1,1,1,'2016-07-07 10:28:06','2016-07-07 10:28:06'),(94,'Institutionalize these processes across the Delivery organziation',1,1,1,1,'2016-07-07 10:28:06','2016-07-07 10:28:06'),(95,'Create, build and monitor usage of these processes. Devise a process compliance index (PCI) to identify project teams not complying with the processes so as to assist them in improving usage.',1,1,1,1,'2016-07-07 10:28:06','2016-07-07 10:28:06'),(96,'Build and implement a audit process including:\na) Project Process Review\nb) Project Management Review\n',1,1,1,1,'2016-07-07 10:28:06','2016-07-07 10:28:06'),(97,'Reporting',1,1,1,1,'2016-07-07 10:28:06','2016-07-07 10:28:06');
/*!40000 ALTER TABLE `feedback_metrics` ENABLE KEYS */;
UNLOCK TABLES;

--
-- Table structure for table `feedback_transaction`
--

DROP TABLE IF EXISTS `feedback_transaction`;
/*!40101 SET @saved_cs_client     = @@character_set_client */;
/*!40101 SET character_set_client = utf8 */;
CREATE TABLE `feedback_transaction` (
  `id` int(10) unsigned NOT NULL AUTO_INCREMENT,
  `people_feedback_id` int(10) unsigned NOT NULL,
  `feedback_metrics_id` int(10) unsigned NOT NULL,
  `expectation_id` int(10) unsigned DEFAULT NULL,
  `comments` varchar(255) COLLATE utf8_unicode_ci DEFAULT NULL,
  `status` tinyint(1) NOT NULL,
  `start_date` date NOT NULL,
  `end_date` date NOT NULL,
  `created_at` timestamp NOT NULL DEFAULT '0000-00-00 00:00:00',
  `updated_at` timestamp NOT NULL DEFAULT '0000-00-00 00:00:00',
  `deleted_at` timestamp NULL DEFAULT NULL,
  PRIMARY KEY (`id`),
  KEY `feedback_transaction_people_feedback_id_foreign` (`people_feedback_id`),
  KEY `feedback_transaction_feedback_metrics_id_foreign` (`feedback_metrics_id`),
  KEY `feedback_transaction_expectation_id_foreign` (`expectation_id`),
  CONSTRAINT `feedback_transaction_expectation_id_foreign` FOREIGN KEY (`expectation_id`) REFERENCES `expectation` (`id`) ON DELETE CASCADE,
  CONSTRAINT `feedback_transaction_feedback_metrics_id_foreign` FOREIGN KEY (`feedback_metrics_id`) REFERENCES `feedback_metrics` (`id`) ON DELETE CASCADE,
  CONSTRAINT `feedback_transaction_people_feedback_id_foreign` FOREIGN KEY (`people_feedback_id`) REFERENCES `people_feedback` (`id`) ON DELETE CASCADE
) ENGINE=InnoDB DEFAULT CHARSET=utf8 COLLATE=utf8_unicode_ci;
/*!40101 SET character_set_client = @saved_cs_client */;

--
-- Dumping data for table `feedback_transaction`
--

LOCK TABLES `feedback_transaction` WRITE;
/*!40000 ALTER TABLE `feedback_transaction` DISABLE KEYS */;
/*!40000 ALTER TABLE `feedback_transaction` ENABLE KEYS */;
UNLOCK TABLES;

--
-- Table structure for table `kra_category`
--

DROP TABLE IF EXISTS `kra_category`;
/*!40101 SET @saved_cs_client     = @@character_set_client */;
/*!40101 SET character_set_client = utf8 */;
CREATE TABLE `kra_category` (
  `id` int(10) unsigned NOT NULL AUTO_INCREMENT,
  `name` varchar(255) COLLATE utf8_unicode_ci NOT NULL,
  `description` varchar(255) COLLATE utf8_unicode_ci NOT NULL,
  `sort` int(11) NOT NULL,
  `color` varchar(40) COLLATE utf8_unicode_ci NOT NULL,
  `status` tinyint(1) NOT NULL DEFAULT '1',
  `created_at` timestamp NOT NULL DEFAULT '0000-00-00 00:00:00',
  `updated_at` timestamp NOT NULL DEFAULT '0000-00-00 00:00:00',
  PRIMARY KEY (`id`)
) ENGINE=InnoDB AUTO_INCREMENT=4 DEFAULT CHARSET=utf8 COLLATE=utf8_unicode_ci;
/*!40101 SET character_set_client = @saved_cs_client */;

--
-- Dumping data for table `kra_category`
--

LOCK TABLES `kra_category` WRITE;
/*!40000 ALTER TABLE `kra_category` DISABLE KEYS */;
INSERT INTO `kra_category` VALUES (1,'Delivery Focus','',1,'Green',1,'2015-08-05 05:13:01','2015-08-05 05:13:01'),(2,'Bussiness Focus','',2,'Blue',1,'2015-08-05 05:13:01','2015-08-05 05:13:01'),(3,'People Focus','',3,'Orange',1,'2015-08-05 05:13:01','2015-08-05 05:13:01');
/*!40000 ALTER TABLE `kra_category` ENABLE KEYS */;
UNLOCK TABLES;

--
-- Table structure for table `mail_tracking`
--

DROP TABLE IF EXISTS `mail_tracking`;
/*!40101 SET @saved_cs_client     = @@character_set_client */;
/*!40101 SET character_set_client = utf8 */;
CREATE TABLE `mail_tracking` (
  `id` int(10) unsigned NOT NULL AUTO_INCREMENT,
  `from_mail` varchar(255) COLLATE utf8_unicode_ci NOT NULL,
  `to_mail` varchar(255) COLLATE utf8_unicode_ci NOT NULL,
  `mail_counter` int(10) unsigned NOT NULL,
  `mail_purpose` varchar(255) COLLATE utf8_unicode_ci DEFAULT NULL,
  `created_at` timestamp NOT NULL DEFAULT '0000-00-00 00:00:00',
  `updated_at` timestamp NOT NULL DEFAULT '0000-00-00 00:00:00',
  `deleted_at` timestamp NULL DEFAULT NULL,
  PRIMARY KEY (`id`),
  UNIQUE KEY `mail_tracking_from_mail_unique` (`from_mail`),
  UNIQUE KEY `mail_tracking_to_mail_unique` (`to_mail`)
) ENGINE=InnoDB DEFAULT CHARSET=utf8 COLLATE=utf8_unicode_ci;
/*!40101 SET character_set_client = @saved_cs_client */;

--
-- Dumping data for table `mail_tracking`
--

LOCK TABLES `mail_tracking` WRITE;
/*!40000 ALTER TABLE `mail_tracking` DISABLE KEYS */;
/*!40000 ALTER TABLE `mail_tracking` ENABLE KEYS */;
UNLOCK TABLES;

--
-- Table structure for table `migrations`
--

DROP TABLE IF EXISTS `migrations`;
/*!40101 SET @saved_cs_client     = @@character_set_client */;
/*!40101 SET character_set_client = utf8 */;
CREATE TABLE `migrations` (
  `migration` varchar(255) COLLATE utf8_unicode_ci NOT NULL,
  `batch` int(11) NOT NULL
) ENGINE=InnoDB DEFAULT CHARSET=utf8 COLLATE=utf8_unicode_ci;
/*!40101 SET character_set_client = @saved_cs_client */;

--
-- Dumping data for table `migrations`
--

LOCK TABLES `migrations` WRITE;
/*!40000 ALTER TABLE `migrations` DISABLE KEYS */;
INSERT INTO `migrations` VALUES ('2014_10_12_000000_create_users_table',1),('2014_10_12_100000_create_password_resets_table',1),('2015_06_22_063102_create_project_table',1),('2015_06_22_063225_create_expectation_table',1),('2015_06_22_094256_create_feedback_metrics_table',1),('2015_06_22_161021_create_project_manager_table',1),('2015_06_23_053825_create_people_feedback_table',1),('2015_06_23_054619_create_feedback_transaction_table',1),('2015_07_03_054616_create_roles_table',1),('2015_07_29_075018_create_designations_feedback_metrics_pivot_table',1),('2015_07_30_090415_create_navigator_designations_table',1),('2015_08_03_091455_create_kra_category_table',1),('2015_08_12_093621_add_roles_and_designation_to_users_table',1),('2015_08_31_114636_add_reporting_manager_id_to_users_table',1),('2015_09_01_105235_add_emp_id_to_users_table',1),('2015_09_01_141034_change_data_type_in_users_table',1),('2015_09_18_101259_remove_roles_table',1),('2015_09_18_101270_create_roles_table',1),('2015_09_18_101275_create_role_user_table',1),('2015_09_18_101277_create_permissions_table',1),('2015_09_18_101282_create_permission_role_table',1),('2015_09_18_101285_create_permission_user_table',1),('2015_09_18_102035_create_user_role_table',1),('2015_09_18_121640_add_name_slug_fields_to_role_table',1),('2015_09_22_123517_create_permission_object_table',1),('2015_09_22_124449_create_permission_object_permission_user_pivot_table',1),('2015_09_23_072749_remove_permission_object_permission_user_table',1),('2015_09_23_072847_remove_user_role_table',1),('2015_09_23_073128_drop_permission_object_table',1),('2015_09_23_090939_create_domain_objects_table',1),('2015_09_23_112758_create_permission_domain_objects_table',1),('2015_09_28_074308_create_permission_groups_table',1),('2015_09_28_074541_add_permission_group_id_to_permissions_table',1),('2015_09_28_130456_add_is_assigned_to_permission_role_table',1),('2015_09_29_120010_add_percentage_involved_in_projectmanager_table',1),('2015_09_30_115920_add_created_at_field_to_projectmanager_table',1),('2015_10_19_062854_create_revisions_table',1),('2015_10_20_095037_remove_permissions_from_roles_table',1),('2015_10_20_122130_remove_role_id_from_users_table',1),('2015_10_21_073646_create_permission_routes_table',1),('2015_10_21_075210_add_position_field_to_permission_groups_table',1),('2015_10_27_075243_add_expectation_value_to_expectations_table',1),('2015_10_29_085116_add_is_super_admin_to_users_table',1),('2015_10_29_131535_create_permission_basic_types_table',1),('2015_10_29_132217_add_permission_basic_type_id_to_permissions_table',1),('2015_11_02_070444_add_field_slug_to_permission_groups_table',1),('2015_12_08_095811_create_practices_table',1),('2015_12_14_092855_add_deleted_at_to_project',1),('2015_12_14_100929_add_deleted_at_to_users',1),('2015_12_14_111554_add_deleted_at_to_people_feedback',1),('2015_12_14_112224_add_deleted_at_to_project_manager',1),('2015_12_14_112940_add_deleted_at_to_feedback_transaction',1),('2016_01_20_085100_add_practices_id_to_users_table',1),('2016_02_08_071151_add_status_field_into_practices_table',1),('2016_02_09_060902_add_status_column_to_users_table',1),('2014_10_12_000000_create_users_table',1),('2014_10_12_100000_create_password_resets_table',1),('2015_06_22_063102_create_project_table',1),('2015_06_22_063225_create_expectation_table',1),('2015_06_22_094256_create_feedback_metrics_table',1),('2015_06_22_161021_create_project_manager_table',1),('2015_06_23_053825_create_people_feedback_table',1),('2015_06_23_054619_create_feedback_transaction_table',1),('2015_07_03_054616_create_roles_table',1),('2015_07_29_075018_create_designations_feedback_metrics_pivot_table',1),('2015_07_30_090415_create_navigator_designations_table',1),('2015_08_03_091455_create_kra_category_table',1),('2015_08_12_093621_add_roles_and_designation_to_users_table',1),('2015_08_31_114636_add_reporting_manager_id_to_users_table',1),('2015_09_01_105235_add_emp_id_to_users_table',1),('2015_09_01_141034_change_data_type_in_users_table',1),('2015_09_18_101259_remove_roles_table',1),('2015_09_18_101270_create_roles_table',1),('2015_09_18_101275_create_role_user_table',1),('2015_09_18_101277_create_permissions_table',1),('2015_09_18_101282_create_permission_role_table',1),('2015_09_18_101285_create_permission_user_table',1),('2015_09_18_102035_create_user_role_table',1),('2015_09_18_121640_add_name_slug_fields_to_role_table',1),('2015_09_22_123517_create_permission_object_table',1),('2015_09_22_124449_create_permission_object_permission_user_pivot_table',1),('2015_09_23_072749_remove_permission_object_permission_user_table',1),('2015_09_23_072847_remove_user_role_table',1),('2015_09_23_073128_drop_permission_object_table',1),('2015_09_23_090939_create_domain_objects_table',1),('2015_09_23_112758_create_permission_domain_objects_table',1),('2015_09_28_074308_create_permission_groups_table',1),('2015_09_28_074541_add_permission_group_id_to_permissions_table',1),('2015_09_28_130456_add_is_assigned_to_permission_role_table',1),('2015_09_29_120010_add_percentage_involved_in_projectmanager_table',1),('2015_09_30_115920_add_created_at_field_to_projectmanager_table',1),('2015_10_19_062854_create_revisions_table',1),('2015_10_20_095037_remove_permissions_from_roles_table',1),('2015_10_20_122130_remove_role_id_from_users_table',1),('2015_10_21_073646_create_permission_routes_table',1),('2015_10_21_075210_add_position_field_to_permission_groups_table',1),('2015_10_27_075243_add_expectation_value_to_expectations_table',1),('2015_10_29_085116_add_is_super_admin_to_users_table',1),('2015_10_29_131535_create_permission_basic_types_table',1),('2015_10_29_132217_add_permission_basic_type_id_to_permissions_table',1),('2015_11_02_070444_add_field_slug_to_permission_groups_table',1),('2015_12_08_095811_create_practices_table',1),('2015_12_14_092855_add_deleted_at_to_project',1),('2015_12_14_100929_add_deleted_at_to_users',1),('2015_12_14_111554_add_deleted_at_to_people_feedback',1),('2015_12_14_112224_add_deleted_at_to_project_manager',1),('2015_12_14_112940_add_deleted_at_to_feedback_transaction',1),('2016_01_20_085100_add_practices_id_to_users_table',1),('2016_02_08_071151_add_status_field_into_practices_table',1),('2016_02_09_060902_add_status_column_to_users_table',1),('2016_03_02_131055_drop_role_user_table',2),('2016_03_02_131118_add_role_id_to_users_table',2),('2016_05_12_065735_mail_tracking',3),('2016_05_12_114309_add_recovery_question_into_users_table',3),('2016_05_21_102502_create_throttle_table',3),('2016_07_11_095134_create_user_practices_table',4),('2016_07_11_100554_alter_table_users_remove_practices_id',5);
/*!40000 ALTER TABLE `migrations` ENABLE KEYS */;
UNLOCK TABLES;

--
-- Table structure for table `navigator_designations`
--

DROP TABLE IF EXISTS `navigator_designations`;
/*!40101 SET @saved_cs_client     = @@character_set_client */;
/*!40101 SET character_set_client = utf8 */;
CREATE TABLE `navigator_designations` (
  `id` int(10) unsigned NOT NULL AUTO_INCREMENT,
  `name` varchar(255) COLLATE utf8_unicode_ci NOT NULL,
  `created_at` timestamp NOT NULL DEFAULT '0000-00-00 00:00:00',
  `updated_at` timestamp NOT NULL DEFAULT '0000-00-00 00:00:00',
  `status` tinyint(1) NOT NULL,
  PRIMARY KEY (`id`)
) ENGINE=InnoDB AUTO_INCREMENT=51 DEFAULT CHARSET=utf8 COLLATE=utf8_unicode_ci;
/*!40101 SET character_set_client = @saved_cs_client */;

--
-- Dumping data for table `navigator_designations`
--

LOCK TABLES `navigator_designations` WRITE;
/*!40000 ALTER TABLE `navigator_designations` DISABLE KEYS */;
INSERT INTO `navigator_designations` VALUES (1,'Assistant Manager Marketing','2016-07-07 10:28:05','2016-07-07 10:28:05',1),(2,'Assistant Manager Talent Aqusition','2016-07-07 10:28:05','2016-07-07 10:28:05',1),(3,'Associate Business Analyst','2016-07-07 10:28:05','2016-07-07 10:28:05',1),(4,'Associate Project Manager','2016-07-07 10:28:05','2016-07-07 10:28:05',1),(5,'Associate Software Engineer','2016-07-07 10:28:05','2016-07-07 10:28:05',1),(6,'Associate Test Engineer','2016-07-07 10:28:05','2016-07-07 10:28:05',1),(7,'Business Analyst','2016-07-07 10:28:06','2016-07-07 10:28:06',1),(8,'Consultant - Application Support Engineer','2016-07-07 10:28:07','2016-07-07 10:28:07',1),(9,'Consultant- Market Research','2016-07-07 10:28:08','2016-07-07 10:28:08',1),(10,'Content Designer','2016-07-07 10:28:09','2016-07-07 10:28:09',1),(11,'Data Analyst – Visualisation','2016-07-07 10:28:10','2016-07-07 10:28:10',1),(12,'Executive - Talent Acquisition','2016-07-07 10:28:11','2016-07-07 10:28:11',1),(13,'Executive- Accounts','2016-07-07 10:28:12','2016-07-07 10:28:12',1),(14,'Head - Human Resources','2016-07-07 10:28:13','2016-07-07 10:28:13',1),(15,'Lead - Talent Acquisition','2016-07-07 10:28:14','2016-07-07 10:28:14',1),(16,'Lead Business Analyst','2016-07-07 10:28:15','2016-07-07 10:28:15',1),(17,'Lead UI Engineer','2016-07-07 10:28:16','2016-07-07 10:28:16',1),(18,'Market Research Analyst','2016-07-07 10:28:17','2016-07-07 10:28:17',1),(19,'Office Driver','2016-07-07 10:28:18','2016-07-07 10:28:18',1),(20,'Practice Head','2016-07-07 10:28:19','2016-07-07 10:28:19',1),(21,'Pre-Sales Manager','2016-07-07 10:28:20','2016-07-07 10:28:20',1),(22,'Project Manager','2016-07-07 10:28:21','2016-07-07 10:28:21',1),(23,'Senior - Test Engineer','2016-07-07 10:28:22','2016-07-07 10:28:22',1),(24,'Assistant Manager - Human Resources','2016-07-07 10:28:23','2016-07-07 10:28:23',1),(25,'Client Relationship Manager – India','2016-07-07 10:28:24','2016-07-07 10:28:24',1),(26,'Consultant - IT & Systems','2016-07-07 10:28:25','2016-07-07 10:28:25',1),(27,'Consultant – Sales','2016-07-07 10:28:26','2016-07-07 10:28:26',1),(28,'Consultant - Visual Designer','2016-07-07 10:28:27','2016-07-07 10:28:27',1),(29,'Senior Business Analyst','2016-07-07 10:28:28','2016-07-07 10:28:28',1),(30,'Senior Associate – HR','2016-07-07 10:28:29','2016-07-07 10:28:29',1),(31,'Senior - Visual Designer','2016-07-07 10:28:30','2016-07-07 10:28:30',1),(32,'Senior Business Development Manager','2016-07-07 10:28:31','2016-07-07 10:28:31',1),(33,'Senior DBA','2016-07-07 10:28:32','2016-07-07 10:28:32',1),(34,'Senior Engineer – Devops','2016-07-07 10:28:33','2016-07-07 10:28:33',1),(35,'Senior Executive – Facilities','2016-07-07 10:28:34','2016-07-07 10:28:34',1),(36,'Senior Executive - Talent Acquisition','2016-07-07 10:28:35','2016-07-07 10:28:35',1),(37,'Senior Manager – Operations','2016-07-07 10:28:36','2016-07-07 10:28:36',1),(38,'Senior Project Manager','2016-07-07 10:28:37','2016-07-07 10:28:37',1),(39,'Senior Software Engineer','2016-07-07 10:28:38','2016-07-07 10:28:38',1),(40,'Senior Test Engineer','2016-07-07 10:28:39','2016-07-07 10:28:39',1),(41,'SEO – Analyst','2016-07-07 10:28:40','2016-07-07 10:28:40',1),(42,'Software Engineer','2016-07-07 10:28:41','2016-07-07 10:28:41',1),(43,'Team Lead – TA','2016-07-07 10:28:42','2016-07-07 10:28:42',1),(44,'Technical Architect','2016-07-07 10:28:43','2016-07-07 10:28:43',1),(45,'Technical Lead','2016-07-07 10:28:44','2016-07-07 10:28:44',1),(46,'Test Engineer','2016-07-07 10:28:45','2016-07-07 10:28:45',1),(47,'Test Lead','2016-07-07 10:28:46','2016-07-07 10:28:46',1),(48,'UI Engineer','2016-07-07 10:28:47','2016-07-07 10:28:47',1),(49,'UX Engineer','2016-07-07 10:28:48','2016-07-07 10:28:48',1),(50,'Visual Designer','2016-07-07 10:28:49','2016-07-07 10:28:49',1);
/*!40000 ALTER TABLE `navigator_designations` ENABLE KEYS */;
UNLOCK TABLES;

--
-- Table structure for table `password_resets`
--

DROP TABLE IF EXISTS `password_resets`;
/*!40101 SET @saved_cs_client     = @@character_set_client */;
/*!40101 SET character_set_client = utf8 */;
CREATE TABLE `password_resets` (
  `email` varchar(255) COLLATE utf8_unicode_ci NOT NULL,
  `token` varchar(255) COLLATE utf8_unicode_ci NOT NULL,
  `created_at` timestamp NOT NULL DEFAULT '0000-00-00 00:00:00',
  KEY `password_resets_email_index` (`email`),
  KEY `password_resets_token_index` (`token`)
) ENGINE=InnoDB DEFAULT CHARSET=utf8 COLLATE=utf8_unicode_ci;
/*!40101 SET character_set_client = @saved_cs_client */;

--
-- Dumping data for table `password_resets`
--

LOCK TABLES `password_resets` WRITE;
/*!40000 ALTER TABLE `password_resets` DISABLE KEYS */;
/*!40000 ALTER TABLE `password_resets` ENABLE KEYS */;
UNLOCK TABLES;

--
-- Table structure for table `people_feedback`
--

DROP TABLE IF EXISTS `people_feedback`;
/*!40101 SET @saved_cs_client     = @@character_set_client */;
/*!40101 SET character_set_client = utf8 */;
CREATE TABLE `people_feedback` (
  `id` int(10) unsigned NOT NULL AUTO_INCREMENT,
  `project_id` int(10) unsigned NOT NULL,
  `manager_id` int(10) unsigned NOT NULL,
  `people_id` int(10) unsigned NOT NULL,
  `status` tinyint(1) NOT NULL,
  `start_date` date NOT NULL,
  `end_date` date NOT NULL,
  `deleted_at` timestamp NULL DEFAULT NULL,
  PRIMARY KEY (`id`),
  KEY `people_feedback_project_id_foreign` (`project_id`),
  KEY `people_feedback_manager_id_foreign` (`manager_id`),
  KEY `people_feedback_people_id_foreign` (`people_id`),
  CONSTRAINT `people_feedback_manager_id_foreign` FOREIGN KEY (`manager_id`) REFERENCES `users` (`id`) ON DELETE CASCADE,
  CONSTRAINT `people_feedback_people_id_foreign` FOREIGN KEY (`people_id`) REFERENCES `users` (`id`) ON DELETE CASCADE,
  CONSTRAINT `people_feedback_project_id_foreign` FOREIGN KEY (`project_id`) REFERENCES `project` (`id`) ON DELETE CASCADE
) ENGINE=InnoDB DEFAULT CHARSET=utf8 COLLATE=utf8_unicode_ci;
/*!40101 SET character_set_client = @saved_cs_client */;

--
-- Dumping data for table `people_feedback`
--

LOCK TABLES `people_feedback` WRITE;
/*!40000 ALTER TABLE `people_feedback` DISABLE KEYS */;
/*!40000 ALTER TABLE `people_feedback` ENABLE KEYS */;
UNLOCK TABLES;

--
-- Table structure for table `permission_basic_types`
--

DROP TABLE IF EXISTS `permission_basic_types`;
/*!40101 SET @saved_cs_client     = @@character_set_client */;
/*!40101 SET character_set_client = utf8 */;
CREATE TABLE `permission_basic_types` (
  `id` int(10) unsigned NOT NULL AUTO_INCREMENT,
  `name` varchar(255) COLLATE utf8_unicode_ci DEFAULT NULL,
  `slug` varchar(255) COLLATE utf8_unicode_ci DEFAULT NULL,
  `created_at` timestamp NOT NULL DEFAULT '0000-00-00 00:00:00',
  `updated_at` timestamp NOT NULL DEFAULT '0000-00-00 00:00:00',
  PRIMARY KEY (`id`)
) ENGINE=InnoDB AUTO_INCREMENT=5 DEFAULT CHARSET=utf8 COLLATE=utf8_unicode_ci;
/*!40101 SET character_set_client = @saved_cs_client */;

--
-- Dumping data for table `permission_basic_types`
--

LOCK TABLES `permission_basic_types` WRITE;
/*!40000 ALTER TABLE `permission_basic_types` DISABLE KEYS */;
INSERT INTO `permission_basic_types` VALUES (1,'Create','create','2015-10-22 00:00:00','2015-10-22 00:00:00'),(2,'Read','read','2015-10-14 00:00:00','2015-10-14 00:00:00'),(3,'Update','update','2015-10-12 00:00:00','2015-10-30 00:00:00'),(4,'Delete','delete','2015-10-21 00:00:00','2015-10-08 00:00:00');
/*!40000 ALTER TABLE `permission_basic_types` ENABLE KEYS */;
UNLOCK TABLES;

--
-- Table structure for table `permission_domain_objects`
--

DROP TABLE IF EXISTS `permission_domain_objects`;
/*!40101 SET @saved_cs_client     = @@character_set_client */;
/*!40101 SET character_set_client = utf8 */;
CREATE TABLE `permission_domain_objects` (
  `id` int(10) unsigned NOT NULL AUTO_INCREMENT,
  `user_id` int(10) unsigned NOT NULL,
  `domain_object_id` int(10) unsigned NOT NULL,
  `permission_id` int(10) unsigned NOT NULL,
  `created_at` timestamp NOT NULL DEFAULT '0000-00-00 00:00:00',
  `updated_at` timestamp NOT NULL DEFAULT '0000-00-00 00:00:00',
  PRIMARY KEY (`id`),
  KEY `permission_domain_objects_user_id_index` (`user_id`),
  KEY `permission_domain_objects_domain_object_id_index` (`domain_object_id`),
  KEY `permission_domain_objects_permission_id_index` (`permission_id`),
  CONSTRAINT `permission_domain_objects_domain_object_id_foreign` FOREIGN KEY (`domain_object_id`) REFERENCES `domain_objects` (`id`) ON DELETE CASCADE,
  CONSTRAINT `permission_domain_objects_permission_id_foreign` FOREIGN KEY (`permission_id`) REFERENCES `permissions` (`id`) ON DELETE CASCADE,
  CONSTRAINT `permission_domain_objects_user_id_foreign` FOREIGN KEY (`user_id`) REFERENCES `users` (`id`) ON DELETE CASCADE
) ENGINE=InnoDB DEFAULT CHARSET=utf8 COLLATE=utf8_unicode_ci;
/*!40101 SET character_set_client = @saved_cs_client */;

--
-- Dumping data for table `permission_domain_objects`
--

LOCK TABLES `permission_domain_objects` WRITE;
/*!40000 ALTER TABLE `permission_domain_objects` DISABLE KEYS */;
/*!40000 ALTER TABLE `permission_domain_objects` ENABLE KEYS */;
UNLOCK TABLES;

--
-- Table structure for table `permission_groups`
--

DROP TABLE IF EXISTS `permission_groups`;
/*!40101 SET @saved_cs_client     = @@character_set_client */;
/*!40101 SET character_set_client = utf8 */;
CREATE TABLE `permission_groups` (
  `id` int(10) unsigned NOT NULL AUTO_INCREMENT,
  `group_name` varchar(255) COLLATE utf8_unicode_ci DEFAULT NULL,
  `created_at` timestamp NOT NULL DEFAULT '0000-00-00 00:00:00',
  `updated_at` timestamp NOT NULL DEFAULT '0000-00-00 00:00:00',
  `position` int(11) DEFAULT NULL,
  `slug` varchar(255) COLLATE utf8_unicode_ci DEFAULT NULL,
  PRIMARY KEY (`id`)
) ENGINE=InnoDB AUTO_INCREMENT=12 DEFAULT CHARSET=utf8 COLLATE=utf8_unicode_ci;
/*!40101 SET character_set_client = @saved_cs_client */;

--
-- Dumping data for table `permission_groups`
--

LOCK TABLES `permission_groups` WRITE;
/*!40000 ALTER TABLE `permission_groups` DISABLE KEYS */;
INSERT INTO `permission_groups` VALUES (1,'Projects','2015-10-21 00:00:00','2015-10-21 00:00:00',1,'projects'),(2,'Navigators','2015-10-21 00:00:00','2015-10-21 00:00:00',2,'navigators'),(3,'User Management','2015-10-21 00:00:00','2015-10-21 00:00:00',3,'users'),(4,'Metrics','2015-10-21 00:00:00','2015-10-21 00:00:00',4,'metrics'),(5,'Designations','2015-10-21 00:00:00','2015-10-21 00:00:00',5,'designations'),(6,'Roles','2015-10-21 00:00:00','2015-10-21 00:00:00',6,'roles'),(7,'Revisions','2015-10-21 00:00:00','2015-10-21 00:00:00',7,'revisions'),(8,'Reports','0000-00-00 00:00:00','0000-00-00 00:00:00',8,'reports'),(9,'Feedback Form','0000-00-00 00:00:00','0000-00-00 00:00:00',9,'feedback-form'),(11,'Practices','0000-00-00 00:00:00','0000-00-00 00:00:00',10,'practices');
/*!40000 ALTER TABLE `permission_groups` ENABLE KEYS */;
UNLOCK TABLES;

--
-- Table structure for table `permission_role`
--

DROP TABLE IF EXISTS `permission_role`;
/*!40101 SET @saved_cs_client     = @@character_set_client */;
/*!40101 SET character_set_client = utf8 */;
CREATE TABLE `permission_role` (
  `id` int(10) unsigned NOT NULL AUTO_INCREMENT,
  `permission_id` int(10) unsigned NOT NULL,
  `role_id` int(10) unsigned NOT NULL,
  `created_at` timestamp NOT NULL DEFAULT '0000-00-00 00:00:00',
  `updated_at` timestamp NOT NULL DEFAULT '0000-00-00 00:00:00',
  `is_assigned` tinyint(1) DEFAULT NULL,
  PRIMARY KEY (`id`),
  KEY `permission_role_permission_id_index` (`permission_id`),
  KEY `permission_role_role_id_index` (`role_id`),
  CONSTRAINT `permission_role_permission_id_foreign` FOREIGN KEY (`permission_id`) REFERENCES `permissions` (`id`) ON DELETE CASCADE,
  CONSTRAINT `permission_role_role_id_foreign` FOREIGN KEY (`role_id`) REFERENCES `roles` (`id`) ON DELETE CASCADE
) ENGINE=InnoDB AUTO_INCREMENT=242 DEFAULT CHARSET=utf8 COLLATE=utf8_unicode_ci;
/*!40101 SET character_set_client = @saved_cs_client */;

--
-- Dumping data for table `permission_role`
--

LOCK TABLES `permission_role` WRITE;
/*!40000 ALTER TABLE `permission_role` DISABLE KEYS */;
INSERT INTO `permission_role` VALUES (215,2,2,'2016-03-08 09:49:19','2016-03-08 09:49:19',1),(216,6,2,'2016-03-08 09:49:19','2016-03-08 09:49:19',1),(217,10,2,'2016-03-08 09:49:19','2016-03-08 09:49:19',1),(218,11,2,'2016-03-08 09:49:19','2016-03-08 09:49:19',1),(219,34,2,'2016-03-08 09:49:19','2016-03-08 09:49:19',1),(220,35,2,'2016-03-08 09:49:20','2016-03-08 09:49:20',1),(221,36,2,'2016-03-08 09:49:20','2016-03-08 09:49:20',1),(222,46,2,'2016-03-08 09:49:20','2016-03-08 09:49:20',1),(223,2,4,'2016-03-22 07:26:11','2016-03-22 07:26:11',1),(224,6,4,'2016-03-22 07:26:11','2016-03-22 07:26:11',1),(225,34,4,'2016-03-22 07:26:11','2016-03-22 07:26:11',1),(226,2,3,'2016-03-22 07:31:28','2016-03-22 07:31:28',1),(227,6,3,'2016-03-22 07:31:28','2016-03-22 07:31:28',1),(228,34,3,'2016-03-22 07:31:28','2016-03-22 07:31:28',1),(229,46,3,'2016-03-22 07:31:28','2016-03-22 07:31:28',1),(230,10,7,'2016-07-11 09:01:00','2016-07-11 09:01:00',0),(231,11,7,'2016-07-11 09:01:00','2016-07-11 09:01:00',0),(232,12,7,'2016-07-11 09:01:00','2016-07-11 09:01:00',0),(233,13,7,'2016-07-11 09:01:00','2016-07-11 09:01:00',0),(234,40,7,'2016-07-11 09:01:00','2016-07-11 09:01:00',0),(235,14,7,'2016-07-11 09:01:00','2016-07-11 09:01:00',0),(236,26,7,'2016-07-11 09:01:00','2016-07-11 09:01:00',0),(237,34,7,'2016-07-11 09:01:00','2016-07-11 09:01:00',0),(238,35,7,'2016-07-11 09:01:00','2016-07-11 09:01:00',0),(239,36,7,'2016-07-11 09:01:00','2016-07-11 09:01:00',0),(240,46,7,'2016-07-11 09:01:00','2016-07-11 09:01:00',0),(241,47,7,'2016-07-11 09:01:00','2016-07-11 09:01:00',0);
/*!40000 ALTER TABLE `permission_role` ENABLE KEYS */;
UNLOCK TABLES;

--
-- Table structure for table `permission_routes`
--

DROP TABLE IF EXISTS `permission_routes`;
/*!40101 SET @saved_cs_client     = @@character_set_client */;
/*!40101 SET character_set_client = utf8 */;
CREATE TABLE `permission_routes` (
  `id` int(10) unsigned NOT NULL AUTO_INCREMENT,
  `route_name` varchar(255) COLLATE utf8_unicode_ci DEFAULT NULL,
  `route_url` varchar(255) COLLATE utf8_unicode_ci DEFAULT NULL,
  `permission_id` int(10) unsigned NOT NULL,
  `created_at` timestamp NOT NULL DEFAULT '0000-00-00 00:00:00',
  `updated_at` timestamp NOT NULL DEFAULT '0000-00-00 00:00:00',
  PRIMARY KEY (`id`),
  KEY `permission_routes_permission_id_foreign` (`permission_id`),
  CONSTRAINT `permission_routes_permission_id_foreign` FOREIGN KEY (`permission_id`) REFERENCES `permissions` (`id`)
) ENGINE=InnoDB AUTO_INCREMENT=38 DEFAULT CHARSET=utf8 COLLATE=utf8_unicode_ci;
/*!40101 SET character_set_client = @saved_cs_client */;

--
-- Dumping data for table `permission_routes`
--

LOCK TABLES `permission_routes` WRITE;
/*!40000 ALTER TABLE `permission_routes` DISABLE KEYS */;
INSERT INTO `permission_routes` VALUES (1,'project',NULL,2,'0000-00-00 00:00:00','0000-00-00 00:00:00'),(2,'project.create',NULL,3,'0000-00-00 00:00:00','0000-00-00 00:00:00'),(3,'project.edit',NULL,4,'0000-00-00 00:00:00','0000-00-00 00:00:00'),(4,'project.destroy',NULL,5,'0000-00-00 00:00:00','0000-00-00 00:00:00'),(5,'project.show',NULL,38,'0000-00-00 00:00:00','0000-00-00 00:00:00'),(6,'navigator',NULL,6,'0000-00-00 00:00:00','0000-00-00 00:00:00'),(7,'admin.navigator.create',NULL,7,'0000-00-00 00:00:00','0000-00-00 00:00:00'),(8,'admin.navigator.edit',NULL,8,'0000-00-00 00:00:00','0000-00-00 00:00:00'),(9,'navigator.destroy',NULL,9,'0000-00-00 00:00:00','0000-00-00 00:00:00'),(10,'admin.navigator.show',NULL,39,'0000-00-00 00:00:00','0000-00-00 00:00:00'),(11,'register',NULL,10,'0000-00-00 00:00:00','0000-00-00 00:00:00'),(12,'register.create ',NULL,11,'0000-00-00 00:00:00','0000-00-00 00:00:00'),(13,'register.edit',NULL,12,'0000-00-00 00:00:00','0000-00-00 00:00:00'),(14,'register.destroy ',NULL,13,'0000-00-00 00:00:00','0000-00-00 00:00:00'),(15,'register.show ',NULL,40,'0000-00-00 00:00:00','0000-00-00 00:00:00'),(16,'metrics ',NULL,14,'0000-00-00 00:00:00','0000-00-00 00:00:00'),(17,'admin.metrics.create ',NULL,15,'0000-00-00 00:00:00','0000-00-00 00:00:00'),(18,'admin.metrics.edit',NULL,16,'0000-00-00 00:00:00','0000-00-00 00:00:00'),(19,'metrics.destroy ',NULL,17,'0000-00-00 00:00:00','0000-00-00 00:00:00'),(20,'admin.metrics.show',NULL,41,'0000-00-00 00:00:00','0000-00-00 00:00:00'),(21,'assign-metrics ',NULL,18,'0000-00-00 00:00:00','0000-00-00 00:00:00'),(22,'admin.assign-metrics.create',NULL,19,'0000-00-00 00:00:00','0000-00-00 00:00:00'),(23,'admin.assign-metrics.edit',NULL,20,'0000-00-00 00:00:00','0000-00-00 00:00:00'),(24,'assign-metrics.destroy',NULL,21,'0000-00-00 00:00:00','0000-00-00 00:00:00'),(25,'admin.assign-metrics.show',NULL,42,'0000-00-00 00:00:00','0000-00-00 00:00:00'),(26,'metric-categories',NULL,22,'0000-00-00 00:00:00','0000-00-00 00:00:00'),(27,'admin.metric-categories.create',NULL,23,'0000-00-00 00:00:00','0000-00-00 00:00:00'),(28,'admin.metric-categories.edit',NULL,24,'0000-00-00 00:00:00','0000-00-00 00:00:00'),(29,'metric-categories.destroy',NULL,25,'0000-00-00 00:00:00','0000-00-00 00:00:00'),(30,'admin.metric-categories.show',NULL,43,'0000-00-00 00:00:00','0000-00-00 00:00:00'),(31,'designation',NULL,26,'0000-00-00 00:00:00','0000-00-00 00:00:00'),(32,'admin.designation.create',NULL,27,'0000-00-00 00:00:00','0000-00-00 00:00:00'),(33,'admin.designation.edit',NULL,28,'0000-00-00 00:00:00','0000-00-00 00:00:00'),(34,'designation.destroy',NULL,29,'0000-00-00 00:00:00','0000-00-00 00:00:00'),(35,'admin.designation.show',NULL,44,'0000-00-00 00:00:00','0000-00-00 00:00:00'),(36,'adminReport',NULL,34,'0000-00-00 00:00:00','0000-00-00 00:00:00'),(37,'admin.revisions.show',NULL,37,'0000-00-00 00:00:00','0000-00-00 00:00:00');
/*!40000 ALTER TABLE `permission_routes` ENABLE KEYS */;
UNLOCK TABLES;

--
-- Table structure for table `permission_user`
--

DROP TABLE IF EXISTS `permission_user`;
/*!40101 SET @saved_cs_client     = @@character_set_client */;
/*!40101 SET character_set_client = utf8 */;
CREATE TABLE `permission_user` (
  `id` int(10) unsigned NOT NULL AUTO_INCREMENT,
  `permission_id` int(10) unsigned NOT NULL,
  `user_id` int(10) unsigned NOT NULL,
  `created_at` timestamp NOT NULL DEFAULT '0000-00-00 00:00:00',
  `updated_at` timestamp NOT NULL DEFAULT '0000-00-00 00:00:00',
  PRIMARY KEY (`id`),
  KEY `permission_user_permission_id_index` (`permission_id`),
  KEY `permission_user_user_id_index` (`user_id`),
  CONSTRAINT `permission_user_permission_id_foreign` FOREIGN KEY (`permission_id`) REFERENCES `permissions` (`id`) ON DELETE CASCADE,
  CONSTRAINT `permission_user_user_id_foreign` FOREIGN KEY (`user_id`) REFERENCES `users` (`id`) ON DELETE CASCADE
) ENGINE=InnoDB DEFAULT CHARSET=utf8 COLLATE=utf8_unicode_ci;
/*!40101 SET character_set_client = @saved_cs_client */;

--
-- Dumping data for table `permission_user`
--

LOCK TABLES `permission_user` WRITE;
/*!40000 ALTER TABLE `permission_user` DISABLE KEYS */;
/*!40000 ALTER TABLE `permission_user` ENABLE KEYS */;
UNLOCK TABLES;

--
-- Table structure for table `permissions`
--

DROP TABLE IF EXISTS `permissions`;
/*!40101 SET @saved_cs_client     = @@character_set_client */;
/*!40101 SET character_set_client = utf8 */;
CREATE TABLE `permissions` (
  `id` int(10) unsigned NOT NULL AUTO_INCREMENT,
  `name` varchar(255) COLLATE utf8_unicode_ci NOT NULL,
  `slug` varchar(255) COLLATE utf8_unicode_ci NOT NULL,
  `description` varchar(255) COLLATE utf8_unicode_ci DEFAULT NULL,
  `model` varchar(255) COLLATE utf8_unicode_ci DEFAULT NULL,
  `created_at` timestamp NOT NULL DEFAULT '0000-00-00 00:00:00',
  `updated_at` timestamp NOT NULL DEFAULT '0000-00-00 00:00:00',
  `permission_group_id` int(10) unsigned NOT NULL,
  `permission_basic_type_id` int(10) unsigned DEFAULT NULL,
  PRIMARY KEY (`id`),
  UNIQUE KEY `permissions_slug_unique` (`slug`),
  KEY `permissions_permission_group_id_index` (`permission_group_id`),
  KEY `permissions_permission_basic_type_id_foreign` (`permission_basic_type_id`),
  CONSTRAINT `permissions_permission_basic_type_id_foreign` FOREIGN KEY (`permission_basic_type_id`) REFERENCES `permission_basic_types` (`id`),
  CONSTRAINT `permissions_permission_group_id_foreign` FOREIGN KEY (`permission_group_id`) REFERENCES `permission_groups` (`id`)
) ENGINE=InnoDB AUTO_INCREMENT=51 DEFAULT CHARSET=utf8 COLLATE=utf8_unicode_ci;
/*!40101 SET character_set_client = @saved_cs_client */;

--
-- Dumping data for table `permissions`
--

LOCK TABLES `permissions` WRITE;
/*!40000 ALTER TABLE `permissions` DISABLE KEYS */;
INSERT INTO `permissions` VALUES (2,'List Projects','list-projects',NULL,NULL,'0000-00-00 00:00:00','0000-00-00 00:00:00',1,2),(3,'Add Projects','add-projects',NULL,NULL,'0000-00-00 00:00:00','0000-00-00 00:00:00',1,1),(4,'Edit Projects','edit-projects',NULL,NULL,'0000-00-00 00:00:00','0000-00-00 00:00:00',1,3),(5,'Delete Projects','delete-projects',NULL,NULL,'0000-00-00 00:00:00','0000-00-00 00:00:00',1,4),(6,'List of Navigators','list-of-navigators',NULL,NULL,'0000-00-00 00:00:00','0000-00-00 00:00:00',2,2),(7,'Assign Navigators','assign-navigators',NULL,NULL,'0000-00-00 00:00:00','0000-00-00 00:00:00',2,1),(8,'Edit Navigators','edit-navigators',NULL,NULL,'0000-00-00 00:00:00','0000-00-00 00:00:00',2,3),(9,'Delete Navigators','delete-navigators',NULL,NULL,'0000-00-00 00:00:00','0000-00-00 00:00:00',2,4),(10,'List of Users','list-of-users',NULL,NULL,'0000-00-00 00:00:00','0000-00-00 00:00:00',3,2),(11,'Add Users','add-users',NULL,NULL,'0000-00-00 00:00:00','0000-00-00 00:00:00',3,1),(12,'Edit Users','edit-users',NULL,NULL,'0000-00-00 00:00:00','0000-00-00 00:00:00',3,3),(13,'Delete Users','delete-users',NULL,NULL,'0000-00-00 00:00:00','0000-00-00 00:00:00',3,4),(14,'List of Metrics','list-of-metrics',NULL,NULL,'0000-00-00 00:00:00','0000-00-00 00:00:00',4,2),(15,'Add Metrics','add-metrics',NULL,NULL,'0000-00-00 00:00:00','0000-00-00 00:00:00',4,1),(16,'Edit Metrics','edit-metrics',NULL,NULL,'0000-00-00 00:00:00','0000-00-00 00:00:00',4,3),(17,'Delete Metrics','delete-metrics',NULL,NULL,'0000-00-00 00:00:00','0000-00-00 00:00:00',4,4),(18,'List of Assigned Metrics','list-of-assigned-metrics',NULL,NULL,'0000-00-00 00:00:00','0000-00-00 00:00:00',4,2),(19,'Assign Metrics','assign-metrics',NULL,NULL,'0000-00-00 00:00:00','0000-00-00 00:00:00',4,1),(20,'Edit Assign Metrics','edit-assign-metrics',NULL,NULL,'0000-00-00 00:00:00','0000-00-00 00:00:00',4,3),(21,'Delete Assigned Metrics','delete-assigned-metrics',NULL,NULL,'0000-00-00 00:00:00','0000-00-00 00:00:00',4,4),(22,'List of Metric Categories','list-of-metric-categories',NULL,NULL,'0000-00-00 00:00:00','0000-00-00 00:00:00',4,2),(23,'Add Metric Category','add-metric-category',NULL,NULL,'0000-00-00 00:00:00','0000-00-00 00:00:00',4,1),(24,'Edit Metric Category','edit-metric-category',NULL,NULL,'0000-00-00 00:00:00','0000-00-00 00:00:00',4,3),(25,'Delete Metric Category','delete-metric-category',NULL,NULL,'0000-00-00 00:00:00','0000-00-00 00:00:00',4,4),(26,'List Designations','list-designation',NULL,NULL,'0000-00-00 00:00:00','0000-00-00 00:00:00',5,2),(27,'Add Designations','add-designation',NULL,NULL,'0000-00-00 00:00:00','0000-00-00 00:00:00',5,1),(28,'Edit Designations','edit-designations',NULL,NULL,'0000-00-00 00:00:00','0000-00-00 00:00:00',5,3),(29,'Delete Designations','delete-designations',NULL,NULL,'0000-00-00 00:00:00','0000-00-00 00:00:00',5,4),(30,'List of Roles','list-of-roles',NULL,NULL,'0000-00-00 00:00:00','0000-00-00 00:00:00',6,2),(31,'Assign Roles','assign-roles',NULL,NULL,'0000-00-00 00:00:00','0000-00-00 00:00:00',6,1),(32,'Edit Roles','edit-roles',NULL,NULL,'0000-00-00 00:00:00','0000-00-00 00:00:00',6,3),(33,'Delete Roles','delete-roles',NULL,NULL,'0000-00-00 00:00:00','0000-00-00 00:00:00',6,4),(34,'List of Reports','list-of-reports',NULL,NULL,'0000-00-00 00:00:00','0000-00-00 00:00:00',8,2),(35,'View Reports','view-reports',NULL,NULL,'0000-00-00 00:00:00','0000-00-00 00:00:00',8,2),(36,'Edit Reports','edit-reports',NULL,NULL,'0000-00-00 00:00:00','0000-00-00 00:00:00',8,3),(37,'Show Revisions','show-revisions',NULL,NULL,'0000-00-00 00:00:00','0000-00-00 00:00:00',7,2),(38,'View Projects','view-projects',NULL,NULL,'0000-00-00 00:00:00','0000-00-00 00:00:00',1,2),(39,'View Navigators','view-navigators',NULL,NULL,'0000-00-00 00:00:00','0000-00-00 00:00:00',2,2),(40,'View Users','view-users',NULL,NULL,'0000-00-00 00:00:00','0000-00-00 00:00:00',3,2),(41,'View Metrics','view-metrics',NULL,NULL,'0000-00-00 00:00:00','0000-00-00 00:00:00',4,2),(42,'View Assign Metrics','view-assign-metrics',NULL,NULL,'0000-00-00 00:00:00','0000-00-00 00:00:00',4,2),(43,'View Metrics Categories','view-metrics-categories',NULL,NULL,'0000-00-00 00:00:00','0000-00-00 00:00:00',4,2),(44,'View Designations','view-designations',NULL,NULL,'0000-00-00 00:00:00','0000-00-00 00:00:00',5,2),(45,'View Roles','view-roles',NULL,NULL,'0000-00-00 00:00:00','0000-00-00 00:00:00',6,2),(46,'Feedback Form','feedback-form',NULL,NULL,'0000-00-00 00:00:00','0000-00-00 00:00:00',9,1),(47,'List of Practices','list-of-practices',NULL,NULL,'0000-00-00 00:00:00','0000-00-00 00:00:00',11,2),(48,'Add practices','add-practices',NULL,NULL,'0000-00-00 00:00:00','0000-00-00 00:00:00',11,1),(49,'Edit Practices','edit-practices',NULL,NULL,'0000-00-00 00:00:00','0000-00-00 00:00:00',11,3),(50,'Delete Practices','delete-practices',NULL,NULL,'0000-00-00 00:00:00','0000-00-00 00:00:00',11,4);
/*!40000 ALTER TABLE `permissions` ENABLE KEYS */;
UNLOCK TABLES;

--
-- Table structure for table `practices`
--

DROP TABLE IF EXISTS `practices`;
/*!40101 SET @saved_cs_client     = @@character_set_client */;
/*!40101 SET character_set_client = utf8 */;
CREATE TABLE `practices` (
  `id` int(10) unsigned NOT NULL AUTO_INCREMENT,
  `practices` varchar(255) COLLATE utf8_unicode_ci NOT NULL,
  `created_at` timestamp NOT NULL DEFAULT '0000-00-00 00:00:00',
  `updated_at` timestamp NOT NULL DEFAULT '0000-00-00 00:00:00',
  `status` int(10) unsigned NOT NULL,
  `deleted_at` timestamp NULL DEFAULT NULL,
  PRIMARY KEY (`id`)
) ENGINE=InnoDB AUTO_INCREMENT=26 DEFAULT CHARSET=utf8 COLLATE=utf8_unicode_ci;
/*!40101 SET character_set_client = @saved_cs_client */;

--
-- Dumping data for table `practices`
--

LOCK TABLES `practices` WRITE;
/*!40000 ALTER TABLE `practices` DISABLE KEYS */;
INSERT INTO `practices` VALUES (1,'Accounts','2016-03-22 06:38:00','2016-03-22 06:38:00',1,NULL),(2,'BA','2016-03-22 06:38:00','2016-03-22 06:38:00',1,NULL),(3,'BD','2016-03-22 06:38:00','2016-03-22 06:38:00',1,NULL),(4,'Cloud','2016-03-22 06:38:00','2016-03-22 06:38:00',1,NULL),(5,'DBA','2016-03-22 06:38:00','2016-03-22 06:38:00',1,NULL),(6,'Dotnet','2016-03-22 06:38:00','2016-03-22 06:38:00',1,NULL),(7,'HR','2016-03-22 10:38:04','2016-03-22 10:44:56',1,NULL),(8,'IT Support','2016-03-22 10:38:04','2016-03-22 10:44:56',1,NULL),(9,'Java','2016-03-22 10:38:04','2016-03-22 10:44:56',1,NULL),(10,'Liferay','2016-03-22 10:38:04','2016-03-22 10:44:56',1,NULL),(11,'Marketing','2016-03-22 10:38:04','2016-03-22 10:44:56',1,NULL),(12,'Mobility – Android','2016-03-22 10:38:04','2016-03-22 10:44:56',1,NULL),(13,'Mobility – Ios','2016-03-22 10:38:04','2016-03-22 10:44:56',1,NULL),(14,'Operations','2016-03-22 10:38:04','2016-03-22 10:44:56',1,NULL),(15,'PHP','2016-03-22 10:38:04','2016-03-22 10:44:56',1,NULL),(16,'PM','2016-03-22 10:38:04','2016-03-22 10:44:56',1,NULL),(17,'Pre-sales','2016-03-22 10:38:04','2016-03-22 10:44:56',1,NULL),(18,'QA','2016-03-22 10:38:04','2016-03-22 10:44:56',1,NULL),(19,'RMG','2016-03-22 10:38:04','2016-03-22 10:44:56',1,NULL),(20,'Sales','2016-03-22 10:38:04','2016-03-22 10:44:56',1,NULL),(21,'Solution Architect','2016-03-22 10:38:04','2016-03-22 10:44:56',1,NULL),(22,'TA','2016-03-22 10:38:04','2016-03-22 10:44:56',1,NULL),(23,'UI','2016-03-22 10:38:04','2016-03-22 10:44:56',1,NULL),(24,'UX','2016-03-22 10:38:04','2016-03-22 10:44:56',1,NULL),(25,'VD','2016-03-22 10:38:04','2016-03-22 10:44:56',1,NULL);
/*!40000 ALTER TABLE `practices` ENABLE KEYS */;
UNLOCK TABLES;

--
-- Table structure for table `practices_user`
--

DROP TABLE IF EXISTS `practices_user`;
/*!40101 SET @saved_cs_client     = @@character_set_client */;
/*!40101 SET character_set_client = utf8 */;
CREATE TABLE `practices_user` (
  `id` int(10) unsigned NOT NULL AUTO_INCREMENT,
  `practices_id` int(10) unsigned NOT NULL,
  `user_id` int(10) unsigned NOT NULL,
  `created_at` timestamp NOT NULL DEFAULT '0000-00-00 00:00:00',
  `updated_at` timestamp NOT NULL DEFAULT '0000-00-00 00:00:00',
  PRIMARY KEY (`id`),
  KEY `practices_user_practices_id_index` (`practices_id`)
) ENGINE=InnoDB AUTO_INCREMENT=251 DEFAULT CHARSET=utf8 COLLATE=utf8_unicode_ci;
/*!40101 SET character_set_client = @saved_cs_client */;

--
-- Dumping data for table `practices_user`
--

LOCK TABLES `practices_user` WRITE;
/*!40000 ALTER TABLE `practices_user` DISABLE KEYS */;
INSERT INTO `practices_user` VALUES (1,1,1,'2015-10-20 00:00:00','2015-10-20 00:00:00'),(2,1,2,'2016-07-11 11:46:05','2016-07-11 11:46:05'),(3,2,3,'2016-07-11 11:46:05','2016-07-11 11:46:05'),(4,2,4,'2016-07-11 11:46:05','2016-07-11 11:46:05'),(5,2,5,'2016-07-11 11:46:05','2016-07-11 11:46:05'),(6,2,6,'2016-07-11 11:46:05','2016-07-11 11:46:05'),(7,2,7,'2016-07-11 11:46:05','2016-07-11 11:46:05'),(8,2,8,'2016-07-11 11:46:05','2016-07-11 11:46:05'),(9,2,9,'2016-07-11 11:46:05','2016-07-11 11:46:05'),(10,3,10,'2016-07-11 11:46:05','2016-07-11 11:46:05'),(11,3,11,'2016-07-11 11:46:05','2016-07-11 11:46:05'),(12,4,12,'2016-07-11 11:46:05','2016-07-11 11:46:05'),(13,4,13,'2016-07-11 11:46:05','2016-07-11 11:46:05'),(14,4,14,'2016-07-11 11:46:05','2016-07-11 11:46:05'),(15,5,15,'2016-07-11 11:46:05','2016-07-11 11:46:05'),(16,5,16,'2016-07-11 11:46:05','2016-07-11 11:46:05'),(17,6,17,'2016-07-11 11:46:05','2016-07-11 11:46:05'),(18,6,18,'2016-07-11 11:46:05','2016-07-11 11:46:05'),(19,6,19,'2016-07-11 11:46:05','2016-07-11 11:46:05'),(20,6,20,'2016-07-11 11:46:05','2016-07-11 11:46:05'),(21,6,21,'2016-07-11 11:46:05','2016-07-11 11:46:05'),(22,6,22,'2016-07-11 11:46:05','2016-07-11 11:46:05'),(23,6,23,'2016-07-11 11:46:05','2016-07-11 11:46:05'),(24,6,24,'2016-07-11 11:46:05','2016-07-11 11:46:05'),(25,6,25,'2016-07-11 11:46:05','2016-07-11 11:46:05'),(26,6,26,'2016-07-11 11:46:05','2016-07-11 11:46:05'),(27,6,27,'2016-07-11 11:46:05','2016-07-11 11:46:05'),(28,6,28,'2016-07-11 11:46:05','2016-07-11 11:46:05'),(29,6,29,'2016-07-11 11:46:05','2016-07-11 11:46:05'),(30,6,30,'2016-07-11 11:46:05','2016-07-11 11:46:05'),(31,6,31,'2016-07-11 11:46:05','2016-07-11 11:46:05'),(32,6,32,'2016-07-11 11:46:05','2016-07-11 11:46:05'),(33,6,33,'2016-07-11 11:46:05','2016-07-11 11:46:05'),(34,7,34,'2016-07-11 11:46:05','2016-07-11 11:46:05'),(35,7,35,'2016-07-11 11:46:05','2016-07-11 11:46:05'),(36,7,36,'2016-07-11 11:46:05','2016-07-11 11:46:05'),(37,7,37,'2016-07-11 11:46:05','2016-07-11 11:46:05'),(38,8,38,'2016-07-11 11:46:05','2016-07-11 11:46:05'),(39,8,39,'2016-07-11 11:46:05','2016-07-11 11:46:05'),(40,9,40,'2016-07-11 11:46:05','2016-07-11 11:46:05'),(41,9,41,'2016-07-11 11:46:05','2016-07-11 11:46:05'),(42,9,42,'2016-07-11 11:46:05','2016-07-11 11:46:05'),(43,9,43,'2016-07-11 11:46:05','2016-07-11 11:46:05'),(44,9,44,'2016-07-11 11:46:05','2016-07-11 11:46:05'),(45,9,45,'2016-07-11 11:46:05','2016-07-11 11:46:05'),(46,9,46,'2016-07-11 11:46:05','2016-07-11 11:46:05'),(47,9,47,'2016-07-11 11:46:05','2016-07-11 11:46:05'),(48,9,48,'2016-07-11 11:46:05','2016-07-11 11:46:05'),(49,9,49,'2016-07-11 11:46:05','2016-07-11 11:46:05'),(50,9,50,'2016-07-11 11:46:05','2016-07-11 11:46:05'),(51,9,51,'2016-07-11 11:46:05','2016-07-11 11:46:05'),(52,9,52,'2016-07-11 11:46:05','2016-07-11 11:46:05'),(53,9,53,'2016-07-11 11:46:05','2016-07-11 11:46:05'),(54,9,54,'2016-07-11 11:46:05','2016-07-11 11:46:05'),(55,9,55,'2016-07-11 11:46:05','2016-07-11 11:46:05'),(56,10,56,'2016-07-11 11:46:05','2016-07-11 11:46:05'),(57,10,57,'2016-07-11 11:46:05','2016-07-11 11:46:05'),(58,10,58,'2016-07-11 11:46:05','2016-07-11 11:46:05'),(59,10,59,'2016-07-11 11:46:05','2016-07-11 11:46:05'),(60,10,60,'2016-07-11 11:46:05','2016-07-11 11:46:05'),(61,10,61,'2016-07-11 11:46:05','2016-07-11 11:46:05'),(62,10,62,'2016-07-11 11:46:05','2016-07-11 11:46:05'),(63,10,63,'2016-07-11 11:46:05','2016-07-11 11:46:05'),(64,10,64,'2016-07-11 11:46:05','2016-07-11 11:46:05'),(65,10,65,'2016-07-11 11:46:05','2016-07-11 11:46:05'),(66,11,66,'2016-07-11 11:46:05','2016-07-11 11:46:05'),(67,11,67,'2016-07-11 11:46:05','2016-07-11 11:46:05'),(68,11,68,'2016-07-11 11:46:05','2016-07-11 11:46:05'),(69,11,69,'2016-07-11 11:46:05','2016-07-11 11:46:05'),(70,11,70,'2016-07-11 11:46:05','2016-07-11 11:46:05'),(71,12,71,'2016-07-11 11:46:05','2016-07-11 11:46:05'),(72,12,72,'2016-07-11 11:46:05','2016-07-11 11:46:05'),(73,12,73,'2016-07-11 11:46:05','2016-07-11 11:46:05'),(74,12,74,'2016-07-11 11:46:05','2016-07-11 11:46:05'),(75,12,75,'2016-07-11 11:46:05','2016-07-11 11:46:05'),(76,12,76,'2016-07-11 11:46:05','2016-07-11 11:46:05'),(77,12,77,'2016-07-11 11:46:05','2016-07-11 11:46:05'),(78,12,78,'2016-07-11 11:46:05','2016-07-11 11:46:05'),(79,12,79,'2016-07-11 11:46:05','2016-07-11 11:46:05'),(80,12,80,'2016-07-11 11:46:05','2016-07-11 11:46:05'),(81,12,81,'2016-07-11 11:46:05','2016-07-11 11:46:05'),(82,12,82,'2016-07-11 11:46:05','2016-07-11 11:46:05'),(83,12,83,'2016-07-11 11:46:05','2016-07-11 11:46:05'),(84,12,84,'2016-07-11 11:46:05','2016-07-11 11:46:05'),(85,12,85,'2016-07-11 11:46:05','2016-07-11 11:46:05'),(86,12,86,'2016-07-11 11:46:05','2016-07-11 11:46:05'),(87,12,87,'2016-07-11 11:46:05','2016-07-11 11:46:05'),(88,12,88,'2016-07-11 11:46:05','2016-07-11 11:46:05'),(89,13,89,'2016-07-11 11:46:05','2016-07-11 11:46:05'),(90,13,90,'2016-07-11 11:46:05','2016-07-11 11:46:05'),(91,13,91,'2016-07-11 11:46:05','2016-07-11 11:46:05'),(92,13,92,'2016-07-11 11:46:05','2016-07-11 11:46:05'),(93,13,93,'2016-07-11 11:46:05','2016-07-11 11:46:05'),(94,13,94,'2016-07-11 11:46:05','2016-07-11 11:46:05'),(95,13,95,'2016-07-11 11:46:05','2016-07-11 11:46:05'),(96,12,96,'2016-07-11 11:46:05','2016-07-11 11:46:05'),(97,12,97,'2016-07-11 11:46:05','2016-07-11 11:46:05'),(98,14,98,'2016-07-11 11:46:05','2016-07-11 11:46:05'),(99,14,99,'2016-07-11 11:46:05','2016-07-11 11:46:05'),(100,14,100,'2016-07-11 11:46:05','2016-07-11 11:46:05'),(101,15,101,'2016-07-11 11:46:05','2016-07-11 11:46:05'),(102,15,102,'2016-07-11 11:46:05','2016-07-11 11:46:05'),(103,15,103,'2016-07-11 11:46:05','2016-07-11 11:46:05'),(104,15,104,'2016-07-11 11:46:05','2016-07-11 11:46:05'),(105,15,105,'2016-07-11 11:46:05','2016-07-11 11:46:05'),(106,15,106,'2016-07-11 11:46:05','2016-07-11 11:46:05'),(107,15,107,'2016-07-11 11:46:05','2016-07-11 11:46:05'),(108,15,108,'2016-07-11 11:46:05','2016-07-11 11:46:05'),(109,15,109,'2016-07-11 11:46:05','2016-07-11 11:46:05'),(110,15,110,'2016-07-11 11:46:05','2016-07-11 11:46:05'),(111,15,111,'2016-07-11 11:46:05','2016-07-11 11:46:05'),(112,15,112,'2016-07-11 11:46:05','2016-07-11 11:46:05'),(113,15,113,'2016-07-11 11:46:05','2016-07-11 11:46:05'),(114,15,114,'2016-07-11 11:46:05','2016-07-11 11:46:05'),(115,15,115,'2016-07-11 11:46:05','2016-07-11 11:46:05'),(116,15,116,'2016-07-11 11:46:05','2016-07-11 11:46:05'),(117,15,117,'2016-07-11 11:46:05','2016-07-11 11:46:05'),(118,15,118,'2016-07-11 11:46:05','2016-07-11 11:46:05'),(119,15,119,'2016-07-11 11:46:05','2016-07-11 11:46:05'),(120,15,120,'2016-07-11 11:46:05','2016-07-11 11:46:05'),(121,15,121,'2016-07-11 11:46:05','2016-07-11 11:46:05'),(122,15,122,'2016-07-11 11:46:05','2016-07-11 11:46:05'),(123,15,123,'2016-07-11 11:46:05','2016-07-11 11:46:05'),(124,15,124,'2016-07-11 11:46:05','2016-07-11 11:46:05'),(125,15,125,'2016-07-11 11:46:05','2016-07-11 11:46:05'),(126,15,126,'2016-07-11 11:46:05','2016-07-11 11:46:05'),(127,15,127,'2016-07-11 11:46:05','2016-07-11 11:46:05'),(128,15,128,'2016-07-11 11:46:05','2016-07-11 11:46:05'),(129,15,129,'2016-07-11 11:46:05','2016-07-11 11:46:05'),(130,15,130,'2016-07-11 11:46:05','2016-07-11 11:46:05'),(131,15,131,'2016-07-11 11:46:05','2016-07-11 11:46:05'),(132,15,132,'2016-07-11 11:46:05','2016-07-11 11:46:05'),(133,15,133,'2016-07-11 11:46:05','2016-07-11 11:46:05'),(134,16,134,'2016-07-11 11:46:05','2016-07-11 11:46:05'),(135,16,135,'2016-07-11 11:46:05','2016-07-11 11:46:05'),(136,16,136,'2016-07-11 11:46:05','2016-07-11 11:46:05'),(137,16,137,'2016-07-11 11:46:05','2016-07-11 11:46:05'),(138,16,138,'2016-07-11 11:46:05','2016-07-11 11:46:05'),(139,16,139,'2016-07-11 11:46:05','2016-07-11 11:46:05'),(140,16,140,'2016-07-11 11:46:05','2016-07-11 11:46:05'),(141,16,141,'2016-07-11 11:46:05','2016-07-11 11:46:05'),(142,16,142,'2016-07-11 11:46:05','2016-07-11 11:46:05'),(143,16,143,'2016-07-11 11:46:05','2016-07-11 11:46:05'),(144,16,144,'2016-07-11 11:46:05','2016-07-11 11:46:05'),(145,17,145,'2016-07-11 11:46:05','2016-07-11 11:46:05'),(146,18,146,'2016-07-11 11:46:05','2016-07-11 11:46:05'),(147,18,147,'2016-07-11 11:46:05','2016-07-11 11:46:05'),(148,18,148,'2016-07-11 11:46:05','2016-07-11 11:46:05'),(149,18,149,'2016-07-11 11:46:05','2016-07-11 11:46:05'),(150,18,150,'2016-07-11 11:46:05','2016-07-11 11:46:05'),(151,18,151,'2016-07-11 11:46:05','2016-07-11 11:46:05'),(152,18,152,'2016-07-11 11:46:05','2016-07-11 11:46:05'),(153,18,153,'2016-07-11 11:46:05','2016-07-11 11:46:05'),(154,18,154,'2016-07-11 11:46:05','2016-07-11 11:46:05'),(155,18,155,'2016-07-11 11:46:05','2016-07-11 11:46:05'),(156,18,156,'2016-07-11 11:46:05','2016-07-11 11:46:05'),(157,18,157,'2016-07-11 11:46:05','2016-07-11 11:46:05'),(158,18,158,'2016-07-11 11:46:05','2016-07-11 11:46:05'),(159,18,159,'2016-07-11 11:46:05','2016-07-11 11:46:05'),(160,18,160,'2016-07-11 11:46:05','2016-07-11 11:46:05'),(161,18,161,'2016-07-11 11:46:05','2016-07-11 11:46:05'),(162,18,162,'2016-07-11 11:46:05','2016-07-11 11:46:05'),(163,18,163,'2016-07-11 11:46:05','2016-07-11 11:46:05'),(164,18,164,'2016-07-11 11:46:05','2016-07-11 11:46:05'),(165,18,165,'2016-07-11 11:46:05','2016-07-11 11:46:05'),(166,18,166,'2016-07-11 11:46:05','2016-07-11 11:46:05'),(167,18,167,'2016-07-11 11:46:05','2016-07-11 11:46:05'),(168,18,168,'2016-07-11 11:46:05','2016-07-11 11:46:05'),(169,18,169,'2016-07-11 11:46:05','2016-07-11 11:46:05'),(170,18,170,'2016-07-11 11:46:05','2016-07-11 11:46:05'),(171,18,171,'2016-07-11 11:46:05','2016-07-11 11:46:05'),(172,18,172,'2016-07-11 11:46:05','2016-07-11 11:46:05'),(173,18,173,'2016-07-11 11:46:05','2016-07-11 11:46:05'),(174,18,174,'2016-07-11 11:46:05','2016-07-11 11:46:05'),(175,18,175,'2016-07-11 11:46:05','2016-07-11 11:46:05'),(176,18,176,'2016-07-11 11:46:05','2016-07-11 11:46:05'),(177,18,177,'2016-07-11 11:46:05','2016-07-11 11:46:05'),(178,18,178,'2016-07-11 11:46:05','2016-07-11 11:46:05'),(179,18,179,'2016-07-11 11:46:05','2016-07-11 11:46:05'),(180,18,180,'2016-07-11 11:46:05','2016-07-11 11:46:05'),(181,18,181,'2016-07-11 11:46:05','2016-07-11 11:46:05'),(182,18,182,'2016-07-11 11:46:05','2016-07-11 11:46:05'),(183,18,183,'2016-07-11 11:46:05','2016-07-11 11:46:05'),(184,18,184,'2016-07-11 11:46:05','2016-07-11 11:46:05'),(185,18,185,'2016-07-11 11:46:05','2016-07-11 11:46:05'),(186,18,186,'2016-07-11 11:46:05','2016-07-11 11:46:05'),(187,19,187,'2016-07-11 11:46:05','2016-07-11 11:46:05'),(188,20,188,'2016-07-11 11:46:05','2016-07-11 11:46:05'),(189,20,189,'2016-07-11 11:46:05','2016-07-11 11:46:05'),(190,21,190,'2016-07-11 11:46:05','2016-07-11 11:46:05'),(191,21,191,'2016-07-11 11:46:05','2016-07-11 11:46:05'),(192,22,192,'2016-07-11 11:46:05','2016-07-11 11:46:05'),(193,22,193,'2016-07-11 11:46:05','2016-07-11 11:46:05'),(194,22,194,'2016-07-11 11:46:05','2016-07-11 11:46:05'),(195,22,195,'2016-07-11 11:46:05','2016-07-11 11:46:05'),(196,22,196,'2016-07-11 11:46:05','2016-07-11 11:46:05'),(197,22,197,'2016-07-11 11:46:05','2016-07-11 11:46:05'),(198,22,198,'2016-07-11 11:46:05','2016-07-11 11:46:05'),(199,22,199,'2016-07-11 11:46:05','2016-07-11 11:46:05'),(200,23,200,'2016-07-11 11:46:05','2016-07-11 11:46:05'),(201,23,201,'2016-07-11 11:46:05','2016-07-11 11:46:05'),(202,23,202,'2016-07-11 11:46:05','2016-07-11 11:46:05'),(203,23,203,'2016-07-11 11:46:05','2016-07-11 11:46:05'),(204,23,204,'2016-07-11 11:46:05','2016-07-11 11:46:05'),(205,23,205,'2016-07-11 11:46:05','2016-07-11 11:46:05'),(206,23,206,'2016-07-11 11:46:05','2016-07-11 11:46:05'),(207,23,207,'2016-07-11 11:46:05','2016-07-11 11:46:05'),(208,23,208,'2016-07-11 11:46:05','2016-07-11 11:46:05'),(209,23,209,'2016-07-11 11:46:05','2016-07-11 11:46:05'),(210,23,210,'2016-07-11 11:46:05','2016-07-11 11:46:05'),(211,23,211,'2016-07-11 11:46:05','2016-07-11 11:46:05'),(212,23,212,'2016-07-11 11:46:05','2016-07-11 11:46:05'),(213,23,213,'2016-07-11 11:46:05','2016-07-11 11:46:05'),(214,23,214,'2016-07-11 11:46:05','2016-07-11 11:46:05'),(215,23,215,'2016-07-11 11:46:05','2016-07-11 11:46:05'),(216,23,216,'2016-07-11 11:46:05','2016-07-11 11:46:05'),(217,23,217,'2016-07-11 11:46:05','2016-07-11 11:46:05'),(218,23,218,'2016-07-11 11:46:05','2016-07-11 11:46:05'),(219,24,219,'2016-07-11 11:46:05','2016-07-11 11:46:05'),(220,24,220,'2016-07-11 11:46:05','2016-07-11 11:46:05'),(221,24,221,'2016-07-11 11:46:05','2016-07-11 11:46:05'),(222,24,222,'2016-07-11 11:46:05','2016-07-11 11:46:05'),(223,25,223,'2016-07-11 11:46:05','2016-07-11 11:46:05'),(224,25,224,'2016-07-11 11:46:05','2016-07-11 11:46:05'),(225,25,225,'2016-07-11 11:46:05','2016-07-11 11:46:05'),(226,25,226,'2016-07-11 11:46:05','2016-07-11 11:46:05'),(227,25,227,'2016-07-11 11:46:05','2016-07-11 11:46:05'),(228,2,228,'2016-07-11 11:46:05','2016-07-11 11:46:05'),(229,24,220,'2016-07-12 14:37:49','2016-07-12 14:37:49'),(230,23,202,'2016-07-12 14:41:29','2016-07-12 14:41:29'),(231,19,187,'2016-07-12 14:41:48','2016-07-12 14:41:48'),(232,18,146,'2016-07-12 14:42:04','2016-07-12 14:42:04'),(233,15,102,'2016-07-12 14:42:29','2016-07-12 14:42:29'),(234,12,71,'2016-07-12 14:42:47','2016-07-12 14:42:47'),(235,4,12,'2016-07-12 14:43:07','2016-07-12 14:43:07'),(236,6,17,'2016-07-12 14:43:23','2016-07-12 14:43:23'),(237,10,61,'2016-07-12 14:43:41','2016-07-12 14:43:41'),(238,6,33,'2016-07-12 14:43:53','2016-07-12 14:43:53'),(239,9,50,'2016-07-12 14:44:08','2016-07-12 14:44:08'),(240,16,134,'2016-07-12 14:44:56','2016-07-12 14:44:56'),(241,16,137,'2016-07-12 14:45:12','2016-07-12 14:45:12'),(242,16,142,'2016-07-12 14:45:24','2016-07-12 14:45:24'),(243,16,144,'2016-07-12 14:45:38','2016-07-12 14:45:38'),(244,16,136,'2016-07-12 14:45:53','2016-07-12 14:45:53'),(245,16,138,'2016-07-12 14:46:04','2016-07-12 14:46:04'),(246,16,139,'2016-07-12 14:46:16','2016-07-12 14:46:16'),(247,16,135,'2016-07-12 14:46:31','2016-07-12 14:46:31'),(248,16,141,'2016-07-12 14:46:41','2016-07-12 14:46:41'),(249,16,141,'2016-07-12 14:46:56','2016-07-12 14:46:56'),(250,16,140,'2016-07-12 14:47:08','2016-07-12 14:47:08');
/*!40000 ALTER TABLE `practices_user` ENABLE KEYS */;
UNLOCK TABLES;

--
-- Table structure for table `project`
--

DROP TABLE IF EXISTS `project`;
/*!40101 SET @saved_cs_client     = @@character_set_client */;
/*!40101 SET character_set_client = utf8 */;
CREATE TABLE `project` (
  `id` int(10) unsigned NOT NULL AUTO_INCREMENT,
  `name` varchar(255) COLLATE utf8_unicode_ci NOT NULL,
  `status` tinyint(1) NOT NULL DEFAULT '1',
  `project_created_date` date NOT NULL,
  `project_end_date` date NOT NULL,
  `created_at` timestamp NOT NULL DEFAULT '0000-00-00 00:00:00',
  `updated_at` timestamp NOT NULL DEFAULT '0000-00-00 00:00:00',
  `deleted_at` timestamp NULL DEFAULT NULL,
  PRIMARY KEY (`id`),
  UNIQUE KEY `project_name_unique` (`name`)
) ENGINE=InnoDB AUTO_INCREMENT=47 DEFAULT CHARSET=utf8 COLLATE=utf8_unicode_ci;
/*!40101 SET character_set_client = @saved_cs_client */;

--
-- Dumping data for table `project`
--

LOCK TABLES `project` WRITE;
/*!40000 ALTER TABLE `project` DISABLE KEYS */;
INSERT INTO `project` VALUES (1,'Authentix Program',1,'2015-06-01','2016-06-30','2015-09-03 06:59:04','2015-09-03 06:59:04',NULL),(2,'Bluestone',1,'2015-06-01','2016-06-30','2015-09-03 06:59:15','2015-09-03 06:59:15',NULL),(3,'CapitalNY',1,'2015-06-01','2016-06-30','2015-09-03 06:59:37','2015-09-03 06:59:37',NULL),(4,'Deeksha Educator',1,'2015-06-01','2016-06-30','2015-09-03 06:59:42','2015-09-03 06:59:42',NULL),(5,'Deeksha PAL – v2',1,'2015-06-01','2016-06-30','2015-09-03 06:59:57','2015-09-03 06:59:57',NULL),(6,'Direct Communication Portal - Spago BI Java',1,'2015-06-01','2016-06-30','2015-09-03 07:00:02','2015-09-03 07:00:02',NULL),(7,'Enchanting Travels',1,'2015-06-01','2016-06-30','2015-09-03 07:00:34','2015-09-03 07:00:34',NULL),(8,'Enhancement of FactorySnap native iPAD app',1,'2015-06-01','2016-06-30','2015-09-03 07:00:35','2015-09-03 07:00:35',NULL),(9,'Fullerton Healthcare',1,'2015-06-01','2016-06-30','2015-09-03 07:01:11','2015-09-03 07:01:11',NULL),(10,'Internal Proj./Compassites website',1,'2015-06-01','2016-06-30','2015-09-03 07:01:19','2015-09-03 07:01:19',NULL),(11,'Internal Training',1,'2015-06-01','2016-06-30','2015-09-03 07:01:38','2015-09-03 07:01:38',NULL),(12,'Interview',1,'2015-06-01','2016-06-30','2015-09-03 07:01:41','2015-09-03 07:01:41',NULL),(13,'Isha Foundation',1,'2015-06-01','2016-06-30','2015-09-03 07:02:12','2015-09-03 07:02:12',NULL),(14,'Itihaasa – Android',1,'2015-06-01','2016-06-30','2015-09-03 07:02:18','2015-09-03 07:02:18',NULL),(15,'Itihaasa – iOS',1,'2015-06-01','2016-06-30','2015-09-03 07:02:35','2015-09-03 07:02:35',NULL),(16,'Itihaasa – Maintenance',1,'2015-06-01','2016-06-30','2015-09-03 07:02:42','2015-09-03 07:02:42',NULL),(17,'JOC (FlyHI) - Phase 1',1,'2015-06-01','2016-06-30','2015-09-03 07:02:57','2015-09-03 07:02:57',NULL),(18,'Keppel',1,'2015-06-01','2016-06-30','2015-09-03 07:03:12','2015-09-03 07:03:12',NULL),(19,'KPMG',1,'2015-06-01','2016-06-30','2015-09-03 07:03:15','2015-09-03 07:03:15',NULL),(20,'MagicBricks - Agent CRM',1,'2015-06-01','2016-06-30','2015-09-03 07:04:06','2015-09-03 07:04:06',NULL),(21,'MagicBricks - Broker Exchange',1,'2015-06-01','2016-06-30','2015-09-03 07:04:45','2015-09-03 07:04:45',NULL),(22,'MagicBricks - Smart Diary 1.1',1,'2015-06-01','2016-06-30','2015-09-03 07:05:06','2015-09-03 07:05:06',NULL),(23,'MJ Labs',1,'2015-06-01','2016-06-30','2015-09-03 07:05:24','2015-09-03 07:05:24',NULL),(24,'MyCloudBin',1,'2015-06-01','2016-06-30','2015-09-03 07:05:30','2015-09-03 07:05:30',NULL),(25,'Politico – DEV',1,'2015-06-01','2016-06-30','2015-09-03 07:05:43','2015-09-03 07:05:43',NULL),(26,'Politico – QA',1,'2015-06-01','2016-06-30','2015-09-03 07:06:05','2015-09-03 07:06:05',NULL),(27,'Port (Carpool App)',1,'2015-06-01','2016-06-30','2015-09-03 07:06:08','2015-09-03 07:06:08',NULL),(28,'Pre-Sales support',1,'2015-06-01','2016-06-30','2015-09-03 07:56:14','2015-09-03 07:56:14',NULL),(29,'Prione – Digital Cataloguing Service Tool (Phase 4)',1,'2015-10-01','2015-12-31','2015-11-06 05:09:54','2015-11-06 05:09:54',NULL),(30,'PunchAlert',1,'2015-09-01','2016-06-30','2015-11-18 13:27:28','2015-11-18 13:27:28',NULL),(31,'PW - Ex-employee portal',1,'2015-09-21','2015-11-30','2015-11-18 13:30:05','2015-11-18 13:30:05',NULL),(32,'PW – Timesheets',1,'2015-11-17','2016-02-29','2015-12-04 04:02:44','2015-12-04 04:02:44',NULL),(33,'Samrudhi Application',1,'2015-11-02','2015-12-31','2015-12-04 04:52:58','2015-12-04 04:52:58',NULL),(34,'SiS App',1,'2015-12-07','2016-02-15','2015-12-04 04:55:58','2015-12-04 04:55:58',NULL),(35,'SiS iOPS',1,'2015-12-01','2016-03-31','2016-01-08 13:12:36','2016-01-08 13:12:36',NULL),(36,'Spago BI POC',1,'2015-10-01','2016-03-31','2016-01-26 21:44:19','2016-01-26 21:44:19',NULL),(37,'STOXX – DAX',0,'2016-03-01','2016-04-30','2016-03-03 08:21:42','2016-03-03 08:22:08',NULL),(38,'STOXX - Fixing CTS backlog issues',1,'2016-03-01','2016-04-30','2016-03-22 06:38:00','2016-03-22 06:38:00',NULL),(39,'STOXX - Maintenance project',1,'2016-03-01','2016-04-30','2016-03-22 06:38:00','2016-03-22 06:38:00',NULL),(40,'STOXX - Migration project',1,'2016-03-01','2016-04-30','2016-03-22 06:38:00','2016-03-22 06:38:00',NULL),(41,'STOXX - Test Automation project',1,'2016-03-01','2016-04-30','2016-03-22 06:38:00','2016-03-22 06:38:00',NULL),(42,'TyreMarket',1,'2016-03-01','2016-04-30','2016-03-22 06:38:00','2016-03-22 06:38:00',NULL),(43,'Vyoma – CCC',1,'2016-03-01','2016-04-30','2016-03-22 06:38:00','2016-03-22 06:38:00',NULL),(44,'Vyoma/CRIS',1,'2016-03-01','2016-04-30','2016-03-22 10:38:04','2016-03-22 10:44:56',NULL),(45,'WF – Learnwise',1,'2016-03-01','2016-04-30','2016-03-22 10:47:38','2016-03-22 10:47:38',NULL),(46,'Yatra',1,'2016-03-01','2016-04-30','2016-03-22 11:43:24','2016-03-22 11:43:24',NULL);
/*!40000 ALTER TABLE `project` ENABLE KEYS */;
UNLOCK TABLES;

--
-- Table structure for table `project_manager`
--

DROP TABLE IF EXISTS `project_manager`;
/*!40101 SET @saved_cs_client     = @@character_set_client */;
/*!40101 SET character_set_client = utf8 */;
CREATE TABLE `project_manager` (
  `id` int(10) unsigned NOT NULL AUTO_INCREMENT,
  `project_id` int(10) unsigned NOT NULL,
  `manager_id` int(10) unsigned NOT NULL,
  `people_id` int(10) unsigned NOT NULL,
  `status` tinyint(1) NOT NULL,
  `start_date` date NOT NULL,
  `end_date` date NOT NULL,
  `percentage_involved` int(10) unsigned NOT NULL,
  `created_at` timestamp NOT NULL DEFAULT '0000-00-00 00:00:00',
  `updated_at` timestamp NOT NULL DEFAULT '0000-00-00 00:00:00',
  `deleted_at` timestamp NULL DEFAULT NULL,
  PRIMARY KEY (`id`),
  KEY `project_manager_project_id_foreign` (`project_id`),
  KEY `project_manager_manager_id_foreign` (`manager_id`),
  KEY `project_manager_people_id_foreign` (`people_id`),
  CONSTRAINT `project_manager_manager_id_foreign` FOREIGN KEY (`manager_id`) REFERENCES `users` (`id`) ON DELETE CASCADE,
  CONSTRAINT `project_manager_people_id_foreign` FOREIGN KEY (`people_id`) REFERENCES `users` (`id`) ON DELETE CASCADE,
  CONSTRAINT `project_manager_project_id_foreign` FOREIGN KEY (`project_id`) REFERENCES `project` (`id`) ON DELETE CASCADE
) ENGINE=InnoDB AUTO_INCREMENT=439 DEFAULT CHARSET=utf8 COLLATE=utf8_unicode_ci;
/*!40101 SET character_set_client = @saved_cs_client */;

--
-- Dumping data for table `project_manager`
--

LOCK TABLES `project_manager` WRITE;
/*!40000 ALTER TABLE `project_manager` DISABLE KEYS */;
INSERT INTO `project_manager` VALUES (1,1,27,27,1,'2016-07-12','2016-07-12',70,'2016-07-12 12:15:33','2016-07-12 12:15:33',NULL),(2,1,27,26,1,'2016-07-12','2016-07-12',70,'2016-07-12 12:15:33','2016-07-12 12:15:33',NULL),(3,1,27,17,1,'2016-07-12','2016-07-12',70,'2016-07-12 12:15:33','2016-07-12 12:15:33',NULL),(4,1,27,6,1,'2016-07-12','2016-07-12',70,'2016-07-12 12:15:33','2016-07-12 12:15:33',NULL),(5,1,27,6,1,'2016-07-12','2016-07-12',70,'2016-07-12 12:15:33','2016-07-12 12:15:33',NULL),(6,1,27,17,1,'2016-07-12','2016-07-12',70,'2016-07-12 12:15:33','2016-07-12 12:15:33',NULL),(7,1,27,16,1,'2016-07-12','2016-07-12',70,'2016-07-12 12:15:33','2016-07-12 12:15:33',NULL),(8,2,13,13,1,'2016-07-12','2016-07-12',70,'2016-07-12 12:15:33','2016-07-12 12:15:33',NULL),(9,2,13,20,1,'2016-07-12','2016-07-12',70,'2016-07-12 12:15:33','2016-07-12 12:15:33',NULL),(10,3,21,21,1,'2016-07-12','2016-07-12',70,'2016-07-12 12:15:33','2016-07-12 12:15:33',NULL),(11,3,21,2,1,'2016-07-12','2016-07-12',70,'2016-07-12 12:15:33','2016-07-12 12:15:33',NULL),(12,3,21,107,1,'2016-07-12','2016-07-12',70,'2016-07-12 12:15:33','2016-07-12 12:15:33',NULL),(13,4,40,40,1,'2016-07-12','2016-07-12',70,'2016-07-12 12:15:33','2016-07-12 12:15:33',NULL),(14,4,40,13,1,'2016-07-12','2016-07-12',70,'2016-07-12 12:15:33','2016-07-12 12:15:33',NULL),(15,4,40,50,1,'2016-07-12','2016-07-12',70,'2016-07-12 12:15:33','2016-07-12 12:15:33',NULL),(16,4,40,190,1,'2016-07-12','2016-07-12',70,'2016-07-12 12:15:33','2016-07-12 12:15:33',NULL),(17,4,40,79,1,'2016-07-12','2016-07-12',70,'2016-07-12 12:15:33','2016-07-12 12:15:33',NULL),(18,4,40,17,1,'2016-07-12','2016-07-12',70,'2016-07-12 12:15:33','2016-07-12 12:15:33',NULL),(19,4,40,21,1,'2016-07-12','2016-07-12',70,'2016-07-12 12:15:33','2016-07-12 12:15:33',NULL),(20,4,40,40,1,'2016-07-12','2016-07-12',70,'2016-07-12 12:15:33','2016-07-12 12:15:33',NULL),(21,4,40,33,1,'2016-07-12','2016-07-12',70,'2016-07-12 12:15:33','2016-07-12 12:15:33',NULL),(22,4,40,55,1,'2016-07-12','2016-07-12',70,'2016-07-12 12:15:33','2016-07-12 12:15:33',NULL),(23,4,40,20,1,'2016-07-12','2016-07-12',70,'2016-07-12 12:15:33','2016-07-12 12:15:33',NULL),(24,4,40,79,1,'2016-07-12','2016-07-12',70,'2016-07-12 12:15:33','2016-07-12 12:15:33',NULL),(25,4,40,116,1,'2016-07-12','2016-07-12',70,'2016-07-12 12:15:33','2016-07-12 12:15:33',NULL),(26,4,40,21,1,'2016-07-12','2016-07-12',70,'2016-07-12 12:15:33','2016-07-12 12:15:33',NULL),(27,6,8,8,1,'2016-07-12','2016-07-12',70,'2016-07-12 12:15:33','2016-07-12 12:15:33',NULL),(28,6,8,30,1,'2016-07-12','2016-07-12',70,'2016-07-12 12:15:33','2016-07-12 12:15:33',NULL),(29,6,8,47,1,'2016-07-12','2016-07-12',70,'2016-07-12 12:15:33','2016-07-12 12:15:33',NULL),(30,6,8,25,1,'2016-07-12','2016-07-12',70,'2016-07-12 12:15:33','2016-07-12 12:15:33',NULL),(31,6,8,21,1,'2016-07-12','2016-07-12',70,'2016-07-12 12:15:33','2016-07-12 12:15:33',NULL),(32,6,8,85,1,'2016-07-12','2016-07-12',70,'2016-07-12 12:15:33','2016-07-12 12:15:33',NULL),(33,7,57,57,1,'2016-07-12','2016-07-12',70,'2016-07-12 12:15:33','2016-07-12 12:15:33',NULL),(34,7,57,6,1,'2016-07-12','2016-07-12',70,'2016-07-12 12:15:33','2016-07-12 12:15:33',NULL),(35,7,57,125,1,'2016-07-12','2016-07-12',70,'2016-07-12 12:15:33','2016-07-12 12:15:33',NULL),(36,7,57,120,1,'2016-07-12','2016-07-12',70,'2016-07-12 12:15:33','2016-07-12 12:15:33',NULL),(37,7,57,114,1,'2016-07-12','2016-07-12',70,'2016-07-12 12:15:33','2016-07-12 12:15:33',NULL),(38,7,57,3,1,'2016-07-12','2016-07-12',70,'2016-07-12 12:15:33','2016-07-12 12:15:33',NULL),(39,7,57,6,1,'2016-07-12','2016-07-12',70,'2016-07-12 12:15:33','2016-07-12 12:15:33',NULL),(40,7,57,221,1,'2016-07-12','2016-07-12',70,'2016-07-12 12:15:33','2016-07-12 12:15:33',NULL),(41,7,57,12,1,'2016-07-12','2016-07-12',70,'2016-07-12 12:15:33','2016-07-12 12:15:33',NULL),(42,7,57,112,1,'2016-07-12','2016-07-12',70,'2016-07-12 12:15:33','2016-07-12 12:15:33',NULL),(43,7,57,17,1,'2016-07-12','2016-07-12',70,'2016-07-12 12:15:33','2016-07-12 12:15:33',NULL),(44,7,57,201,1,'2016-07-12','2016-07-12',70,'2016-07-12 12:15:33','2016-07-12 12:15:33',NULL),(45,7,57,9,1,'2016-07-12','2016-07-12',70,'2016-07-12 12:15:33','2016-07-12 12:15:33',NULL),(46,7,57,133,1,'2016-07-12','2016-07-12',70,'2016-07-12 12:15:33','2016-07-12 12:15:33',NULL),(47,7,57,21,1,'2016-07-12','2016-07-12',70,'2016-07-12 12:15:33','2016-07-12 12:15:33',NULL),(48,7,57,21,1,'2016-07-12','2016-07-12',70,'2016-07-12 12:15:33','2016-07-12 12:15:33',NULL),(49,7,57,101,1,'2016-07-12','2016-07-12',70,'2016-07-12 12:15:33','2016-07-12 12:15:33',NULL),(50,7,57,26,1,'2016-07-12','2016-07-12',70,'2016-07-12 12:15:33','2016-07-12 12:15:33',NULL),(51,7,57,223,1,'2016-07-12','2016-07-12',70,'2016-07-12 12:15:33','2016-07-12 12:15:33',NULL),(52,7,57,27,1,'2016-07-12','2016-07-12',70,'2016-07-12 12:15:33','2016-07-12 12:15:33',NULL),(53,8,21,21,1,'2016-07-12','2016-07-12',70,'2016-07-12 12:15:33','2016-07-12 12:15:33',NULL),(54,8,21,9,1,'2016-07-12','2016-07-12',70,'2016-07-12 12:15:33','2016-07-12 12:15:33',NULL),(55,8,21,29,1,'2016-07-12','2016-07-12',70,'2016-07-12 12:15:33','2016-07-12 12:15:33',NULL),(56,8,21,17,1,'2016-07-12','2016-07-12',70,'2016-07-12 12:15:33','2016-07-12 12:15:33',NULL),(57,8,21,21,1,'2016-07-12','2016-07-12',70,'2016-07-12 12:15:33','2016-07-12 12:15:33',NULL),(58,8,21,10,1,'2016-07-12','2016-07-12',70,'2016-07-12 12:15:33','2016-07-12 12:15:33',NULL),(59,8,21,22,1,'2016-07-12','2016-07-12',70,'2016-07-12 12:15:33','2016-07-12 12:15:33',NULL),(60,8,21,70,1,'2016-07-12','2016-07-12',70,'2016-07-12 12:15:33','2016-07-12 12:15:33',NULL),(61,9,5,5,1,'2016-07-12','2016-07-12',70,'2016-07-12 12:15:33','2016-07-12 12:15:33',NULL),(62,9,5,17,1,'2016-07-12','2016-07-12',70,'2016-07-12 12:15:33','2016-07-12 12:15:33',NULL),(63,9,5,21,1,'2016-07-12','2016-07-12',70,'2016-07-12 12:15:33','2016-07-12 12:15:33',NULL),(64,9,5,9,1,'2016-07-12','2016-07-12',70,'2016-07-12 12:15:33','2016-07-12 12:15:33',NULL),(65,9,5,29,1,'2016-07-12','2016-07-12',70,'2016-07-12 12:15:33','2016-07-12 12:15:33',NULL),(66,9,5,21,1,'2016-07-12','2016-07-12',70,'2016-07-12 12:15:33','2016-07-12 12:15:33',NULL),(67,9,5,26,1,'2016-07-12','2016-07-12',70,'2016-07-12 12:15:33','2016-07-12 12:15:33',NULL),(68,9,5,10,1,'2016-07-12','2016-07-12',70,'2016-07-12 12:15:33','2016-07-12 12:15:33',NULL),(69,9,5,10,1,'2016-07-12','2016-07-12',70,'2016-07-12 12:15:33','2016-07-12 12:15:33',NULL),(70,9,5,30,1,'2016-07-12','2016-07-12',70,'2016-07-12 12:15:33','2016-07-12 12:15:33',NULL),(71,10,27,27,1,'2016-07-12','2016-07-12',70,'2016-07-12 12:15:33','2016-07-12 12:15:33',NULL),(72,10,27,126,1,'2016-07-12','2016-07-12',70,'2016-07-12 12:15:33','2016-07-12 12:15:33',NULL),(73,10,27,6,1,'2016-07-12','2016-07-12',70,'2016-07-12 12:15:33','2016-07-12 12:15:33',NULL),(74,10,27,21,1,'2016-07-12','2016-07-12',70,'2016-07-12 12:15:33','2016-07-12 12:15:33',NULL),(75,10,27,12,1,'2016-07-12','2016-07-12',70,'2016-07-12 12:15:33','2016-07-12 12:15:33',NULL),(76,10,27,6,1,'2016-07-12','2016-07-12',70,'2016-07-12 12:15:33','2016-07-12 12:15:33',NULL),(77,10,27,221,1,'2016-07-12','2016-07-12',70,'2016-07-12 12:15:33','2016-07-12 12:15:33',NULL),(78,10,27,123,1,'2016-07-12','2016-07-12',70,'2016-07-12 12:15:33','2016-07-12 12:15:33',NULL),(79,10,27,53,1,'2016-07-12','2016-07-12',70,'2016-07-12 12:15:33','2016-07-12 12:15:33',NULL),(80,10,27,9,1,'2016-07-12','2016-07-12',70,'2016-07-12 12:15:33','2016-07-12 12:15:33',NULL),(81,10,27,63,1,'2016-07-12','2016-07-12',70,'2016-07-12 12:15:33','2016-07-12 12:15:33',NULL),(82,10,27,20,1,'2016-07-12','2016-07-12',70,'2016-07-12 12:15:33','2016-07-12 12:15:33',NULL),(83,10,27,2,1,'2016-07-12','2016-07-12',70,'2016-07-12 12:15:33','2016-07-12 12:15:33',NULL),(84,10,27,21,1,'2016-07-12','2016-07-12',70,'2016-07-12 12:15:33','2016-07-12 12:15:33',NULL),(85,10,27,116,1,'2016-07-12','2016-07-12',70,'2016-07-12 12:15:33','2016-07-12 12:15:33',NULL),(86,10,27,70,1,'2016-07-12','2016-07-12',70,'2016-07-12 12:15:33','2016-07-12 12:15:33',NULL),(87,10,27,5,1,'2016-07-12','2016-07-12',70,'2016-07-12 12:15:33','2016-07-12 12:15:33',NULL),(88,10,27,126,1,'2016-07-12','2016-07-12',70,'2016-07-12 12:15:33','2016-07-12 12:15:33',NULL),(89,10,27,21,1,'2016-07-12','2016-07-12',70,'2016-07-12 12:15:33','2016-07-12 12:15:33',NULL),(90,10,27,17,1,'2016-07-12','2016-07-12',70,'2016-07-12 12:15:33','2016-07-12 12:15:33',NULL),(91,10,27,6,1,'2016-07-12','2016-07-12',70,'2016-07-12 12:15:33','2016-07-12 12:15:33',NULL),(92,10,27,6,1,'2016-07-12','2016-07-12',70,'2016-07-12 12:15:33','2016-07-12 12:15:33',NULL),(93,10,27,6,1,'2016-07-12','2016-07-12',70,'2016-07-12 12:15:33','2016-07-12 12:15:33',NULL),(94,10,27,13,1,'2016-07-12','2016-07-12',70,'2016-07-12 12:15:33','2016-07-12 12:15:33',NULL),(95,10,27,30,1,'2016-07-12','2016-07-12',70,'2016-07-12 12:15:33','2016-07-12 12:15:33',NULL),(96,10,27,8,1,'2016-07-12','2016-07-12',70,'2016-07-12 12:15:33','2016-07-12 12:15:33',NULL),(97,10,27,64,1,'2016-07-12','2016-07-12',70,'2016-07-12 12:15:33','2016-07-12 12:15:33',NULL),(98,10,27,58,1,'2016-07-12','2016-07-12',70,'2016-07-12 12:15:33','2016-07-12 12:15:33',NULL),(99,10,27,6,1,'2016-07-12','2016-07-12',70,'2016-07-12 12:15:33','2016-07-12 12:15:33',NULL),(100,10,27,8,1,'2016-07-12','2016-07-12',70,'2016-07-12 12:15:33','2016-07-12 12:15:33',NULL),(101,10,27,50,1,'2016-07-12','2016-07-12',70,'2016-07-12 12:15:33','2016-07-12 12:15:33',NULL),(102,10,27,4,1,'2016-07-12','2016-07-12',70,'2016-07-12 12:15:33','2016-07-12 12:15:33',NULL),(103,10,27,3,1,'2016-07-12','2016-07-12',70,'2016-07-12 12:15:33','2016-07-12 12:15:33',NULL),(104,10,27,56,1,'2016-07-12','2016-07-12',70,'2016-07-12 12:15:33','2016-07-12 12:15:33',NULL),(105,10,27,6,1,'2016-07-12','2016-07-12',70,'2016-07-12 12:15:33','2016-07-12 12:15:33',NULL),(106,10,27,123,1,'2016-07-12','2016-07-12',70,'2016-07-12 12:15:33','2016-07-12 12:15:33',NULL),(107,10,27,17,1,'2016-07-12','2016-07-12',70,'2016-07-12 12:15:33','2016-07-12 12:15:33',NULL),(108,10,27,138,1,'2016-07-12','2016-07-12',70,'2016-07-12 12:15:33','2016-07-12 12:15:33',NULL),(109,10,27,40,1,'2016-07-12','2016-07-12',70,'2016-07-12 12:15:33','2016-07-12 12:15:33',NULL),(110,10,27,21,1,'2016-07-12','2016-07-12',70,'2016-07-12 12:15:33','2016-07-12 12:15:33',NULL),(111,10,27,63,1,'2016-07-12','2016-07-12',70,'2016-07-12 12:15:33','2016-07-12 12:15:33',NULL),(112,10,27,20,1,'2016-07-12','2016-07-12',70,'2016-07-12 12:15:33','2016-07-12 12:15:33',NULL),(113,10,27,20,1,'2016-07-12','2016-07-12',70,'2016-07-12 12:15:33','2016-07-12 12:15:33',NULL),(114,10,27,116,1,'2016-07-12','2016-07-12',70,'2016-07-12 12:15:33','2016-07-12 12:15:33',NULL),(115,10,27,21,1,'2016-07-12','2016-07-12',70,'2016-07-12 12:15:33','2016-07-12 12:15:33',NULL),(116,10,27,21,1,'2016-07-12','2016-07-12',70,'2016-07-12 12:15:33','2016-07-12 12:15:33',NULL),(117,10,27,21,1,'2016-07-12','2016-07-12',70,'2016-07-12 12:15:33','2016-07-12 12:15:33',NULL),(118,10,27,7,1,'2016-07-12','2016-07-12',70,'2016-07-12 12:15:33','2016-07-12 12:15:33',NULL),(119,10,27,8,1,'2016-07-12','2016-07-12',70,'2016-07-12 12:15:33','2016-07-12 12:15:33',NULL),(120,10,27,10,1,'2016-07-12','2016-07-12',70,'2016-07-12 12:15:33','2016-07-12 12:15:33',NULL),(121,10,27,7,1,'2016-07-12','2016-07-12',70,'2016-07-12 12:15:33','2016-07-12 12:15:33',NULL),(122,10,27,57,1,'2016-07-12','2016-07-12',70,'2016-07-12 12:15:33','2016-07-12 12:15:33',NULL),(123,10,27,53,1,'2016-07-12','2016-07-12',70,'2016-07-12 12:15:33','2016-07-12 12:15:33',NULL),(124,10,27,21,1,'2016-07-12','2016-07-12',70,'2016-07-12 12:15:33','2016-07-12 12:15:33',NULL),(125,10,27,26,1,'2016-07-12','2016-07-12',70,'2016-07-12 12:15:33','2016-07-12 12:15:33',NULL),(126,10,27,26,1,'2016-07-12','2016-07-12',70,'2016-07-12 12:15:33','2016-07-12 12:15:33',NULL),(127,10,27,17,1,'2016-07-12','2016-07-12',70,'2016-07-12 12:15:33','2016-07-12 12:15:33',NULL),(128,10,27,6,1,'2016-07-12','2016-07-12',70,'2016-07-12 12:15:33','2016-07-12 12:15:33',NULL),(129,10,27,6,1,'2016-07-12','2016-07-12',70,'2016-07-12 12:15:33','2016-07-12 12:15:33',NULL),(130,10,27,13,1,'2016-07-12','2016-07-12',70,'2016-07-12 12:15:33','2016-07-12 12:15:33',NULL),(131,10,27,8,1,'2016-07-12','2016-07-12',70,'2016-07-12 12:15:33','2016-07-12 12:15:33',NULL),(132,10,27,12,1,'2016-07-12','2016-07-12',70,'2016-07-12 12:15:33','2016-07-12 12:15:33',NULL),(133,10,27,6,1,'2016-07-12','2016-07-12',70,'2016-07-12 12:15:33','2016-07-12 12:15:33',NULL),(134,10,27,8,1,'2016-07-12','2016-07-12',70,'2016-07-12 12:15:33','2016-07-12 12:15:33',NULL),(135,10,27,221,1,'2016-07-12','2016-07-12',70,'2016-07-12 12:15:33','2016-07-12 12:15:33',NULL),(136,10,27,2,1,'2016-07-12','2016-07-12',70,'2016-07-12 12:15:33','2016-07-12 12:15:33',NULL),(137,10,27,18,1,'2016-07-12','2016-07-12',70,'2016-07-12 12:15:33','2016-07-12 12:15:33',NULL),(138,10,27,9,1,'2016-07-12','2016-07-12',70,'2016-07-12 12:15:33','2016-07-12 12:15:33',NULL),(139,10,27,9,1,'2016-07-12','2016-07-12',70,'2016-07-12 12:15:33','2016-07-12 12:15:33',NULL),(140,10,27,1,1,'2016-07-12','2016-07-12',70,'2016-07-12 12:15:33','2016-07-12 12:15:33',NULL),(141,10,27,20,1,'2016-07-12','2016-07-12',70,'2016-07-12 12:15:33','2016-07-12 12:15:33',NULL),(142,10,27,20,1,'2016-07-12','2016-07-12',70,'2016-07-12 12:15:33','2016-07-12 12:15:33',NULL),(143,10,27,79,1,'2016-07-12','2016-07-12',70,'2016-07-12 12:15:33','2016-07-12 12:15:33',NULL),(144,10,27,21,1,'2016-07-12','2016-07-12',70,'2016-07-12 12:15:33','2016-07-12 12:15:33',NULL),(145,10,27,17,1,'2016-07-12','2016-07-12',70,'2016-07-12 12:15:33','2016-07-12 12:15:33',NULL),(146,10,27,21,1,'2016-07-12','2016-07-12',70,'2016-07-12 12:15:33','2016-07-12 12:15:33',NULL),(147,10,27,26,1,'2016-07-12','2016-07-12',70,'2016-07-12 12:15:33','2016-07-12 12:15:33',NULL),(148,10,27,10,1,'2016-07-12','2016-07-12',70,'2016-07-12 12:15:33','2016-07-12 12:15:33',NULL),(149,10,27,51,1,'2016-07-12','2016-07-12',70,'2016-07-12 12:15:33','2016-07-12 12:15:33',NULL),(150,10,27,61,1,'2016-07-12','2016-07-12',70,'2016-07-12 12:15:33','2016-07-12 12:15:33',NULL),(151,13,6,6,1,'2016-07-12','2016-07-12',70,'2016-07-12 12:15:33','2016-07-12 12:15:33',NULL),(152,13,6,20,1,'2016-07-12','2016-07-12',70,'2016-07-12 12:15:33','2016-07-12 12:15:33',NULL),(153,13,6,17,1,'2016-07-12','2016-07-12',70,'2016-07-12 12:15:33','2016-07-12 12:15:33',NULL),(154,13,6,21,1,'2016-07-12','2016-07-12',70,'2016-07-12 12:15:33','2016-07-12 12:15:33',NULL),(155,13,6,127,1,'2016-07-12','2016-07-12',70,'2016-07-12 12:15:33','2016-07-12 12:15:33',NULL),(156,13,6,12,1,'2016-07-12','2016-07-12',70,'2016-07-12 12:15:33','2016-07-12 12:15:33',NULL),(157,13,6,6,1,'2016-07-12','2016-07-12',70,'2016-07-12 12:15:33','2016-07-12 12:15:33',NULL),(158,13,6,32,1,'2016-07-12','2016-07-12',70,'2016-07-12 12:15:33','2016-07-12 12:15:33',NULL),(159,13,6,91,1,'2016-07-12','2016-07-12',70,'2016-07-12 12:15:33','2016-07-12 12:15:33',NULL),(160,13,6,2,1,'2016-07-12','2016-07-12',70,'2016-07-12 12:15:33','2016-07-12 12:15:33',NULL),(161,13,6,138,1,'2016-07-12','2016-07-12',70,'2016-07-12 12:15:33','2016-07-12 12:15:33',NULL),(162,13,6,40,1,'2016-07-12','2016-07-12',70,'2016-07-12 12:15:33','2016-07-12 12:15:33',NULL),(163,13,6,79,1,'2016-07-12','2016-07-12',70,'2016-07-12 12:15:33','2016-07-12 12:15:33',NULL),(164,13,6,21,1,'2016-07-12','2016-07-12',70,'2016-07-12 12:15:33','2016-07-12 12:15:33',NULL),(165,13,6,90,1,'2016-07-12','2016-07-12',70,'2016-07-12 12:15:33','2016-07-12 12:15:33',NULL),(166,13,6,21,1,'2016-07-12','2016-07-12',70,'2016-07-12 12:15:33','2016-07-12 12:15:33',NULL),(167,13,6,7,1,'2016-07-12','2016-07-12',70,'2016-07-12 12:15:33','2016-07-12 12:15:33',NULL),(168,13,6,26,1,'2016-07-12','2016-07-12',70,'2016-07-12 12:15:33','2016-07-12 12:15:33',NULL),(169,13,6,39,1,'2016-07-12','2016-07-12',70,'2016-07-12 12:15:33','2016-07-12 12:15:33',NULL),(170,13,6,144,1,'2016-07-12','2016-07-12',70,'2016-07-12 12:15:33','2016-07-12 12:15:33',NULL),(171,14,48,48,1,'2016-07-12','2016-07-12',70,'2016-07-12 12:15:33','2016-07-12 12:15:33',NULL),(172,14,48,40,1,'2016-07-12','2016-07-12',70,'2016-07-12 12:15:33','2016-07-12 12:15:33',NULL),(173,14,48,63,1,'2016-07-12','2016-07-12',70,'2016-07-12 12:15:33','2016-07-12 12:15:33',NULL),(174,14,48,13,1,'2016-07-12','2016-07-12',70,'2016-07-12 12:15:33','2016-07-12 12:15:33',NULL),(175,14,48,13,1,'2016-07-12','2016-07-12',70,'2016-07-12 12:15:33','2016-07-12 12:15:33',NULL),(176,14,48,30,1,'2016-07-12','2016-07-12',70,'2016-07-12 12:15:33','2016-07-12 12:15:33',NULL),(177,14,48,47,1,'2016-07-12','2016-07-12',70,'2016-07-12 12:15:33','2016-07-12 12:15:33',NULL),(178,14,48,91,1,'2016-07-12','2016-07-12',70,'2016-07-12 12:15:33','2016-07-12 12:15:33',NULL),(179,14,48,123,1,'2016-07-12','2016-07-12',70,'2016-07-12 12:15:33','2016-07-12 12:15:33',NULL),(180,14,48,25,1,'2016-07-12','2016-07-12',70,'2016-07-12 12:15:33','2016-07-12 12:15:33',NULL),(181,14,48,40,1,'2016-07-12','2016-07-12',70,'2016-07-12 12:15:33','2016-07-12 12:15:33',NULL),(182,14,48,63,1,'2016-07-12','2016-07-12',70,'2016-07-12 12:15:33','2016-07-12 12:15:33',NULL),(183,14,48,20,1,'2016-07-12','2016-07-12',70,'2016-07-12 12:15:33','2016-07-12 12:15:33',NULL),(184,14,48,92,1,'2016-07-12','2016-07-12',70,'2016-07-12 12:15:33','2016-07-12 12:15:33',NULL),(185,14,48,53,1,'2016-07-12','2016-07-12',70,'2016-07-12 12:15:33','2016-07-12 12:15:33',NULL),(186,14,48,13,1,'2016-07-12','2016-07-12',70,'2016-07-12 12:15:33','2016-07-12 12:15:33',NULL),(187,14,48,13,1,'2016-07-12','2016-07-12',70,'2016-07-12 12:15:33','2016-07-12 12:15:33',NULL),(188,14,48,12,1,'2016-07-12','2016-07-12',70,'2016-07-12 12:15:33','2016-07-12 12:15:33',NULL),(189,17,20,20,1,'2016-07-12','2016-07-12',70,'2016-07-12 12:15:33','2016-07-12 12:15:33',NULL),(190,17,20,8,1,'2016-07-12','2016-07-12',70,'2016-07-12 12:15:33','2016-07-12 12:15:33',NULL),(191,17,20,33,1,'2016-07-12','2016-07-12',70,'2016-07-12 12:15:33','2016-07-12 12:15:33',NULL),(192,17,20,6,1,'2016-07-12','2016-07-12',70,'2016-07-12 12:15:33','2016-07-12 12:15:33',NULL),(193,17,20,21,1,'2016-07-12','2016-07-12',70,'2016-07-12 12:15:33','2016-07-12 12:15:33',NULL),(194,17,20,54,1,'2016-07-12','2016-07-12',70,'2016-07-12 12:15:33','2016-07-12 12:15:33',NULL),(195,17,20,10,1,'2016-07-12','2016-07-12',70,'2016-07-12 12:15:33','2016-07-12 12:15:33',NULL),(196,17,20,10,1,'2016-07-12','2016-07-12',70,'2016-07-12 12:15:33','2016-07-12 12:15:33',NULL),(197,17,20,173,1,'2016-07-12','2016-07-12',70,'2016-07-12 12:15:33','2016-07-12 12:15:33',NULL),(198,17,20,12,1,'2016-07-12','2016-07-12',70,'2016-07-12 12:15:33','2016-07-12 12:15:33',NULL),(199,18,5,5,1,'2016-07-12','2016-07-12',70,'2016-07-12 12:15:33','2016-07-12 12:15:33',NULL),(200,18,5,30,1,'2016-07-12','2016-07-12',70,'2016-07-12 12:15:33','2016-07-12 12:15:33',NULL),(201,19,5,5,1,'2016-07-12','2016-07-12',70,'2016-07-12 12:15:33','2016-07-12 12:15:33',NULL),(202,19,5,30,1,'2016-07-12','2016-07-12',70,'2016-07-12 12:15:33','2016-07-12 12:15:33',NULL),(203,19,5,52,1,'2016-07-12','2016-07-12',70,'2016-07-12 12:15:33','2016-07-12 12:15:33',NULL),(204,20,5,5,1,'2016-07-12','2016-07-12',70,'2016-07-12 12:15:33','2016-07-12 12:15:33',NULL),(205,20,5,26,1,'2016-07-12','2016-07-12',70,'2016-07-12 12:15:33','2016-07-12 12:15:33',NULL),(206,20,5,85,1,'2016-07-12','2016-07-12',70,'2016-07-12 12:15:33','2016-07-12 12:15:33',NULL),(207,20,5,44,1,'2016-07-12','2016-07-12',70,'2016-07-12 12:15:33','2016-07-12 12:15:33',NULL),(208,20,5,32,1,'2016-07-12','2016-07-12',70,'2016-07-12 12:15:33','2016-07-12 12:15:33',NULL),(209,20,5,96,1,'2016-07-12','2016-07-12',70,'2016-07-12 12:15:33','2016-07-12 12:15:33',NULL),(210,20,5,168,1,'2016-07-12','2016-07-12',70,'2016-07-12 12:15:33','2016-07-12 12:15:33',NULL),(211,20,5,20,1,'2016-07-12','2016-07-12',70,'2016-07-12 12:15:33','2016-07-12 12:15:33',NULL),(212,20,5,21,1,'2016-07-12','2016-07-12',70,'2016-07-12 12:15:33','2016-07-12 12:15:33',NULL),(213,20,5,10,1,'2016-07-12','2016-07-12',70,'2016-07-12 12:15:33','2016-07-12 12:15:33',NULL),(214,20,5,68,1,'2016-07-12','2016-07-12',70,'2016-07-12 12:15:33','2016-07-12 12:15:33',NULL),(215,20,5,5,1,'2016-07-12','2016-07-12',70,'2016-07-12 12:15:33','2016-07-12 12:15:33',NULL),(216,20,5,26,1,'2016-07-12','2016-07-12',70,'2016-07-12 12:15:33','2016-07-12 12:15:33',NULL),(217,20,5,8,1,'2016-07-12','2016-07-12',70,'2016-07-12 12:15:33','2016-07-12 12:15:33',NULL),(218,20,5,50,1,'2016-07-12','2016-07-12',70,'2016-07-12 12:15:33','2016-07-12 12:15:33',NULL),(219,20,5,3,1,'2016-07-12','2016-07-12',70,'2016-07-12 12:15:33','2016-07-12 12:15:33',NULL),(220,20,5,33,1,'2016-07-12','2016-07-12',70,'2016-07-12 12:15:33','2016-07-12 12:15:33',NULL),(221,20,5,40,1,'2016-07-12','2016-07-12',70,'2016-07-12 12:15:33','2016-07-12 12:15:33',NULL),(222,20,5,168,1,'2016-07-12','2016-07-12',70,'2016-07-12 12:15:33','2016-07-12 12:15:33',NULL),(223,20,5,133,1,'2016-07-12','2016-07-12',70,'2016-07-12 12:15:33','2016-07-12 12:15:33',NULL),(224,20,5,20,1,'2016-07-12','2016-07-12',70,'2016-07-12 12:15:33','2016-07-12 12:15:33',NULL),(225,20,5,20,1,'2016-07-12','2016-07-12',70,'2016-07-12 12:15:33','2016-07-12 12:15:33',NULL),(226,20,5,21,1,'2016-07-12','2016-07-12',70,'2016-07-12 12:15:33','2016-07-12 12:15:33',NULL),(227,20,5,52,1,'2016-07-12','2016-07-12',70,'2016-07-12 12:15:33','2016-07-12 12:15:33',NULL),(228,20,5,68,1,'2016-07-12','2016-07-12',70,'2016-07-12 12:15:33','2016-07-12 12:15:33',NULL),(229,20,5,5,1,'2016-07-12','2016-07-12',70,'2016-07-12 12:15:33','2016-07-12 12:15:33',NULL),(230,20,5,20,1,'2016-07-12','2016-07-12',70,'2016-07-12 12:15:33','2016-07-12 12:15:33',NULL),(231,20,5,21,1,'2016-07-12','2016-07-12',70,'2016-07-12 12:15:33','2016-07-12 12:15:33',NULL),(232,23,44,44,1,'2016-07-12','2016-07-12',70,'2016-07-12 12:15:33','2016-07-12 12:15:33',NULL),(233,23,44,30,1,'2016-07-12','2016-07-12',70,'2016-07-12 12:15:33','2016-07-12 12:15:33',NULL),(234,23,44,50,1,'2016-07-12','2016-07-12',70,'2016-07-12 12:15:33','2016-07-12 12:15:33',NULL),(235,23,44,91,1,'2016-07-12','2016-07-12',70,'2016-07-12 12:15:33','2016-07-12 12:15:33',NULL),(236,23,44,17,1,'2016-07-12','2016-07-12',70,'2016-07-12 12:15:33','2016-07-12 12:15:33',NULL),(237,23,44,90,1,'2016-07-12','2016-07-12',70,'2016-07-12 12:15:33','2016-07-12 12:15:33',NULL),(238,24,40,40,1,'2016-07-12','2016-07-12',70,'2016-07-12 12:15:33','2016-07-12 12:15:33',NULL),(239,24,40,8,1,'2016-07-12','2016-07-12',70,'2016-07-12 12:15:33','2016-07-12 12:15:33',NULL),(240,24,40,20,1,'2016-07-12','2016-07-12',70,'2016-07-12 12:15:33','2016-07-12 12:15:33',NULL),(241,24,40,62,1,'2016-07-12','2016-07-12',70,'2016-07-12 12:15:33','2016-07-12 12:15:33',NULL),(242,25,21,21,1,'2016-07-12','2016-07-12',70,'2016-07-12 12:15:33','2016-07-12 12:15:33',NULL),(243,25,21,17,1,'2016-07-12','2016-07-12',70,'2016-07-12 12:15:33','2016-07-12 12:15:33',NULL),(244,25,21,17,1,'2016-07-12','2016-07-12',70,'2016-07-12 12:15:33','2016-07-12 12:15:33',NULL),(245,25,21,37,1,'2016-07-12','2016-07-12',70,'2016-07-12 12:15:33','2016-07-12 12:15:33',NULL),(246,25,21,20,1,'2016-07-12','2016-07-12',70,'2016-07-12 12:15:33','2016-07-12 12:15:33',NULL),(247,25,21,51,1,'2016-07-12','2016-07-12',70,'2016-07-12 12:15:33','2016-07-12 12:15:33',NULL),(248,25,21,21,1,'2016-07-12','2016-07-12',70,'2016-07-12 12:15:33','2016-07-12 12:15:33',NULL),(249,25,21,15,1,'2016-07-12','2016-07-12',70,'2016-07-12 12:15:33','2016-07-12 12:15:33',NULL),(250,25,21,159,1,'2016-07-12','2016-07-12',70,'2016-07-12 12:15:33','2016-07-12 12:15:33',NULL),(251,25,21,158,1,'2016-07-12','2016-07-12',70,'2016-07-12 12:15:33','2016-07-12 12:15:33',NULL),(252,25,21,21,1,'2016-07-12','2016-07-12',70,'2016-07-12 12:15:33','2016-07-12 12:15:33',NULL),(253,25,21,78,1,'2016-07-12','2016-07-12',70,'2016-07-12 12:15:33','2016-07-12 12:15:33',NULL),(254,25,21,78,1,'2016-07-12','2016-07-12',70,'2016-07-12 12:15:33','2016-07-12 12:15:33',NULL),(255,25,21,181,1,'2016-07-12','2016-07-12',70,'2016-07-12 12:15:33','2016-07-12 12:15:33',NULL),(256,25,21,169,1,'2016-07-12','2016-07-12',70,'2016-07-12 12:15:33','2016-07-12 12:15:33',NULL),(257,25,21,88,1,'2016-07-12','2016-07-12',70,'2016-07-12 12:15:33','2016-07-12 12:15:33',NULL),(258,25,21,57,1,'2016-07-12','2016-07-12',70,'2016-07-12 12:15:33','2016-07-12 12:15:33',NULL),(259,6,92,92,1,'2016-07-12','2016-07-12',70,'2016-07-12 12:15:33','2016-07-12 12:15:33',NULL),(260,6,92,79,1,'2016-07-12','2016-07-12',70,'2016-07-12 12:15:33','2016-07-12 12:15:33',NULL),(261,28,126,126,1,'2016-07-12','2016-07-12',70,'2016-07-12 12:15:33','2016-07-12 12:15:33',NULL),(262,28,126,21,1,'2016-07-12','2016-07-12',70,'2016-07-12 12:15:33','2016-07-12 12:15:33',NULL),(263,28,126,26,1,'2016-07-12','2016-07-12',70,'2016-07-12 12:15:33','2016-07-12 12:15:33',NULL),(264,28,126,17,1,'2016-07-12','2016-07-12',70,'2016-07-12 12:15:33','2016-07-12 12:15:33',NULL),(265,28,126,190,1,'2016-07-12','2016-07-12',70,'2016-07-12 12:15:33','2016-07-12 12:15:33',NULL),(266,28,126,6,1,'2016-07-12','2016-07-12',70,'2016-07-12 12:15:33','2016-07-12 12:15:33',NULL),(267,28,126,6,1,'2016-07-12','2016-07-12',70,'2016-07-12 12:15:33','2016-07-12 12:15:33',NULL),(268,28,126,50,1,'2016-07-12','2016-07-12',70,'2016-07-12 12:15:33','2016-07-12 12:15:33',NULL),(269,28,126,221,1,'2016-07-12','2016-07-12',70,'2016-07-12 12:15:33','2016-07-12 12:15:33',NULL),(270,28,126,123,1,'2016-07-12','2016-07-12',70,'2016-07-12 12:15:33','2016-07-12 12:15:33',NULL),(271,28,126,9,1,'2016-07-12','2016-07-12',70,'2016-07-12 12:15:33','2016-07-12 12:15:33',NULL),(272,28,126,20,1,'2016-07-12','2016-07-12',70,'2016-07-12 12:15:33','2016-07-12 12:15:33',NULL),(273,28,126,20,1,'2016-07-12','2016-07-12',70,'2016-07-12 12:15:33','2016-07-12 12:15:33',NULL),(274,28,126,20,1,'2016-07-12','2016-07-12',70,'2016-07-12 12:15:33','2016-07-12 12:15:33',NULL),(275,28,126,21,1,'2016-07-12','2016-07-12',70,'2016-07-12 12:15:33','2016-07-12 12:15:33',NULL),(276,28,126,52,1,'2016-07-12','2016-07-12',70,'2016-07-12 12:15:33','2016-07-12 12:15:33',NULL),(277,28,126,10,1,'2016-07-12','2016-07-12',70,'2016-07-12 12:15:33','2016-07-12 12:15:33',NULL),(278,28,126,70,1,'2016-07-12','2016-07-12',70,'2016-07-12 12:15:33','2016-07-12 12:15:33',NULL),(279,28,126,61,1,'2016-07-12','2016-07-12',70,'2016-07-12 12:15:33','2016-07-12 12:15:33',NULL),(280,28,126,1,1,'2016-07-12','2016-07-12',70,'2016-07-12 12:15:33','2016-07-12 12:15:33',NULL),(281,29,6,6,1,'2016-07-12','2016-07-12',70,'2016-07-12 12:15:33','2016-07-12 12:15:33',NULL),(282,29,6,3,1,'2016-07-12','2016-07-12',70,'2016-07-12 12:15:33','2016-07-12 12:15:33',NULL),(283,29,6,33,1,'2016-07-12','2016-07-12',70,'2016-07-12 12:15:33','2016-07-12 12:15:33',NULL),(284,29,6,17,1,'2016-07-12','2016-07-12',70,'2016-07-12 12:15:33','2016-07-12 12:15:33',NULL),(285,29,6,138,1,'2016-07-12','2016-07-12',70,'2016-07-12 12:15:33','2016-07-12 12:15:33',NULL),(286,29,6,7,1,'2016-07-12','2016-07-12',70,'2016-07-12 12:15:33','2016-07-12 12:15:33',NULL),(287,29,6,8,1,'2016-07-12','2016-07-12',70,'2016-07-12 12:15:33','2016-07-12 12:15:33',NULL),(288,29,6,39,1,'2016-07-12','2016-07-12',70,'2016-07-12 12:15:33','2016-07-12 12:15:33',NULL),(289,30,26,26,1,'2016-07-12','2016-07-12',70,'2016-07-12 12:15:33','2016-07-12 12:15:33',NULL),(290,31,30,30,1,'2016-07-12','2016-07-12',70,'2016-07-12 12:15:33','2016-07-12 12:15:33',NULL),(291,31,30,18,1,'2016-07-12','2016-07-12',70,'2016-07-12 12:15:33','2016-07-12 12:15:33',NULL),(292,31,30,23,1,'2016-07-12','2016-07-12',70,'2016-07-12 12:15:33','2016-07-12 12:15:33',NULL),(293,31,30,30,1,'2016-07-12','2016-07-12',70,'2016-07-12 12:15:33','2016-07-12 12:15:33',NULL),(294,31,30,22,1,'2016-07-12','2016-07-12',70,'2016-07-12 12:15:33','2016-07-12 12:15:33',NULL),(295,31,30,30,1,'2016-07-12','2016-07-12',70,'2016-07-12 12:15:33','2016-07-12 12:15:33',NULL),(296,31,30,12,1,'2016-07-12','2016-07-12',70,'2016-07-12 12:15:33','2016-07-12 12:15:33',NULL),(297,31,30,21,1,'2016-07-12','2016-07-12',70,'2016-07-12 12:15:33','2016-07-12 12:15:33',NULL),(298,33,21,21,1,'2016-07-12','2016-07-12',70,'2016-07-12 12:15:33','2016-07-12 12:15:33',NULL),(299,34,20,20,1,'2016-07-12','2016-07-12',70,'2016-07-12 12:15:33','2016-07-12 12:15:33',NULL),(300,34,20,26,1,'2016-07-12','2016-07-12',70,'2016-07-12 12:15:33','2016-07-12 12:15:33',NULL),(301,34,20,17,1,'2016-07-12','2016-07-12',70,'2016-07-12 12:15:33','2016-07-12 12:15:33',NULL),(302,34,20,6,1,'2016-07-12','2016-07-12',70,'2016-07-12 12:15:33','2016-07-12 12:15:33',NULL),(303,34,20,85,1,'2016-07-12','2016-07-12',70,'2016-07-12 12:15:33','2016-07-12 12:15:33',NULL),(304,34,20,17,1,'2016-07-12','2016-07-12',70,'2016-07-12 12:15:33','2016-07-12 12:15:33',NULL),(305,34,20,53,1,'2016-07-12','2016-07-12',70,'2016-07-12 12:15:33','2016-07-12 12:15:33',NULL),(306,34,20,18,1,'2016-07-12','2016-07-12',70,'2016-07-12 12:15:33','2016-07-12 12:15:33',NULL),(307,34,20,21,1,'2016-07-12','2016-07-12',70,'2016-07-12 12:15:33','2016-07-12 12:15:33',NULL),(308,34,20,23,1,'2016-07-12','2016-07-12',70,'2016-07-12 12:15:33','2016-07-12 12:15:33',NULL),(309,34,20,96,1,'2016-07-12','2016-07-12',70,'2016-07-12 12:15:33','2016-07-12 12:15:33',NULL),(310,34,20,27,1,'2016-07-12','2016-07-12',70,'2016-07-12 12:15:33','2016-07-12 12:15:33',NULL),(311,34,20,85,1,'2016-07-12','2016-07-12',70,'2016-07-12 12:15:33','2016-07-12 12:15:33',NULL),(312,34,20,26,1,'2016-07-12','2016-07-12',70,'2016-07-12 12:15:33','2016-07-12 12:15:33',NULL),(313,34,20,26,1,'2016-07-12','2016-07-12',70,'2016-07-12 12:15:33','2016-07-12 12:15:33',NULL),(314,34,20,78,1,'2016-07-12','2016-07-12',70,'2016-07-12 12:15:33','2016-07-12 12:15:33',NULL),(315,34,20,76,1,'2016-07-12','2016-07-12',70,'2016-07-12 12:15:33','2016-07-12 12:15:33',NULL),(316,34,20,46,1,'2016-07-12','2016-07-12',70,'2016-07-12 12:15:33','2016-07-12 12:15:33',NULL),(317,34,20,20,1,'2016-07-12','2016-07-12',70,'2016-07-12 12:15:33','2016-07-12 12:15:33',NULL),(318,34,20,19,1,'2016-07-12','2016-07-12',70,'2016-07-12 12:15:33','2016-07-12 12:15:33',NULL),(319,34,20,144,1,'2016-07-12','2016-07-12',70,'2016-07-12 12:15:33','2016-07-12 12:15:33',NULL),(320,34,20,20,1,'2016-07-12','2016-07-12',70,'2016-07-12 12:15:33','2016-07-12 12:15:33',NULL),(321,34,20,17,1,'2016-07-12','2016-07-12',70,'2016-07-12 12:15:33','2016-07-12 12:15:33',NULL),(322,34,20,221,1,'2016-07-12','2016-07-12',70,'2016-07-12 12:15:33','2016-07-12 12:15:33',NULL),(323,34,20,12,1,'2016-07-12','2016-07-12',70,'2016-07-12 12:15:33','2016-07-12 12:15:33',NULL),(324,34,20,31,1,'2016-07-12','2016-07-12',70,'2016-07-12 12:15:33','2016-07-12 12:15:33',NULL),(325,34,20,21,1,'2016-07-12','2016-07-12',70,'2016-07-12 12:15:33','2016-07-12 12:15:33',NULL),(326,34,20,26,1,'2016-07-12','2016-07-12',70,'2016-07-12 12:15:33','2016-07-12 12:15:33',NULL),(327,34,20,78,1,'2016-07-12','2016-07-12',70,'2016-07-12 12:15:33','2016-07-12 12:15:33',NULL),(328,34,20,144,1,'2016-07-12','2016-07-12',70,'2016-07-12 12:15:33','2016-07-12 12:15:33',NULL),(329,6,190,190,1,'2016-07-12','2016-07-12',70,'2016-07-12 12:15:33','2016-07-12 12:15:33',NULL),(330,6,190,30,1,'2016-07-12','2016-07-12',70,'2016-07-12 12:15:33','2016-07-12 12:15:33',NULL),(331,2,4,4,1,'2016-07-12','2016-07-12',70,'2016-07-12 12:15:33','2016-07-12 12:15:33',NULL),(332,2,4,59,1,'2016-07-12','2016-07-12',70,'2016-07-12 12:15:33','2016-07-12 12:15:33',NULL),(333,2,4,58,1,'2016-07-12','2016-07-12',70,'2016-07-12 12:15:33','2016-07-12 12:15:33',NULL),(334,2,4,148,1,'2016-07-12','2016-07-12',70,'2016-07-12 12:15:33','2016-07-12 12:15:33',NULL),(335,2,4,56,1,'2016-07-12','2016-07-12',70,'2016-07-12 12:15:33','2016-07-12 12:15:33',NULL),(336,2,4,9,1,'2016-07-12','2016-07-12',70,'2016-07-12 12:15:33','2016-07-12 12:15:33',NULL),(337,2,4,142,1,'2016-07-12','2016-07-12',70,'2016-07-12 12:15:33','2016-07-12 12:15:33',NULL),(338,2,4,20,1,'2016-07-12','2016-07-12',70,'2016-07-12 12:15:33','2016-07-12 12:15:33',NULL),(339,2,4,61,1,'2016-07-12','2016-07-12',70,'2016-07-12 12:15:33','2016-07-12 12:15:33',NULL),(340,2,4,4,1,'2016-07-12','2016-07-12',70,'2016-07-12 12:15:33','2016-07-12 12:15:33',NULL),(341,2,4,6,1,'2016-07-12','2016-07-12',70,'2016-07-12 12:15:33','2016-07-12 12:15:33',NULL),(342,2,4,59,1,'2016-07-12','2016-07-12',70,'2016-07-12 12:15:33','2016-07-12 12:15:33',NULL),(343,2,4,64,1,'2016-07-12','2016-07-12',70,'2016-07-12 12:15:33','2016-07-12 12:15:33',NULL),(344,2,4,58,1,'2016-07-12','2016-07-12',70,'2016-07-12 12:15:33','2016-07-12 12:15:33',NULL),(345,2,4,148,1,'2016-07-12','2016-07-12',70,'2016-07-12 12:15:33','2016-07-12 12:15:33',NULL),(346,2,4,6,1,'2016-07-12','2016-07-12',70,'2016-07-12 12:15:33','2016-07-12 12:15:33',NULL),(347,2,4,9,1,'2016-07-12','2016-07-12',70,'2016-07-12 12:15:33','2016-07-12 12:15:33',NULL),(348,2,4,63,1,'2016-07-12','2016-07-12',70,'2016-07-12 12:15:33','2016-07-12 12:15:33',NULL),(349,2,4,142,1,'2016-07-12','2016-07-12',70,'2016-07-12 12:15:33','2016-07-12 12:15:33',NULL),(350,2,4,20,1,'2016-07-12','2016-07-12',70,'2016-07-12 12:15:33','2016-07-12 12:15:33',NULL),(351,2,4,65,1,'2016-07-12','2016-07-12',70,'2016-07-12 12:15:33','2016-07-12 12:15:33',NULL),(352,2,4,4,1,'2016-07-12','2016-07-12',70,'2016-07-12 12:15:33','2016-07-12 12:15:33',NULL),(353,2,4,148,1,'2016-07-12','2016-07-12',70,'2016-07-12 12:15:33','2016-07-12 12:15:33',NULL),(354,2,4,6,1,'2016-07-12','2016-07-12',70,'2016-07-12 12:15:33','2016-07-12 12:15:33',NULL),(355,2,4,59,1,'2016-07-12','2016-07-12',70,'2016-07-12 12:15:33','2016-07-12 12:15:33',NULL),(356,2,4,125,1,'2016-07-12','2016-07-12',70,'2016-07-12 12:15:33','2016-07-12 12:15:33',NULL),(357,2,4,64,1,'2016-07-12','2016-07-12',70,'2016-07-12 12:15:33','2016-07-12 12:15:33',NULL),(358,2,4,58,1,'2016-07-12','2016-07-12',70,'2016-07-12 12:15:33','2016-07-12 12:15:33',NULL),(359,2,4,8,1,'2016-07-12','2016-07-12',70,'2016-07-12 12:15:33','2016-07-12 12:15:33',NULL),(360,2,4,148,1,'2016-07-12','2016-07-12',70,'2016-07-12 12:15:33','2016-07-12 12:15:33',NULL),(361,2,4,6,1,'2016-07-12','2016-07-12',70,'2016-07-12 12:15:33','2016-07-12 12:15:33',NULL),(362,2,4,21,1,'2016-07-12','2016-07-12',70,'2016-07-12 12:15:33','2016-07-12 12:15:33',NULL),(363,2,4,9,1,'2016-07-12','2016-07-12',70,'2016-07-12 12:15:33','2016-07-12 12:15:33',NULL),(364,2,4,142,1,'2016-07-12','2016-07-12',70,'2016-07-12 12:15:33','2016-07-12 12:15:33',NULL),(365,2,4,133,1,'2016-07-12','2016-07-12',70,'2016-07-12 12:15:33','2016-07-12 12:15:33',NULL),(366,2,4,20,1,'2016-07-12','2016-07-12',70,'2016-07-12 12:15:33','2016-07-12 12:15:33',NULL),(367,2,4,20,1,'2016-07-12','2016-07-12',70,'2016-07-12 12:15:33','2016-07-12 12:15:33',NULL),(368,2,4,62,1,'2016-07-12','2016-07-12',70,'2016-07-12 12:15:33','2016-07-12 12:15:33',NULL),(369,2,4,68,1,'2016-07-12','2016-07-12',70,'2016-07-12 12:15:33','2016-07-12 12:15:33',NULL),(370,2,4,57,1,'2016-07-12','2016-07-12',70,'2016-07-12 12:15:33','2016-07-12 12:15:33',NULL),(371,2,4,61,1,'2016-07-12','2016-07-12',70,'2016-07-12 12:15:33','2016-07-12 12:15:33',NULL),(372,2,4,65,1,'2016-07-12','2016-07-12',70,'2016-07-12 12:15:33','2016-07-12 12:15:33',NULL),(373,2,4,142,1,'2016-07-12','2016-07-12',70,'2016-07-12 12:15:33','2016-07-12 12:15:33',NULL),(374,2,4,33,1,'2016-07-12','2016-07-12',70,'2016-07-12 12:15:33','2016-07-12 12:15:33',NULL),(375,2,4,63,1,'2016-07-12','2016-07-12',70,'2016-07-12 12:15:33','2016-07-12 12:15:33',NULL),(376,2,4,12,1,'2016-07-12','2016-07-12',70,'2016-07-12 12:15:33','2016-07-12 12:15:33',NULL),(377,2,4,20,1,'2016-07-12','2016-07-12',70,'2016-07-12 12:15:33','2016-07-12 12:15:33',NULL),(378,2,4,15,1,'2016-07-12','2016-07-12',70,'2016-07-12 12:15:33','2016-07-12 12:15:33',NULL),(379,2,4,21,1,'2016-07-12','2016-07-12',70,'2016-07-12 12:15:33','2016-07-12 12:15:33',NULL),(380,2,4,61,1,'2016-07-12','2016-07-12',70,'2016-07-12 12:15:33','2016-07-12 12:15:33',NULL),(381,2,4,65,1,'2016-07-12','2016-07-12',70,'2016-07-12 12:15:33','2016-07-12 12:15:33',NULL),(382,2,4,142,1,'2016-07-12','2016-07-12',70,'2016-07-12 12:15:33','2016-07-12 12:15:33',NULL),(383,2,4,122,1,'2016-07-12','2016-07-12',70,'2016-07-12 12:15:33','2016-07-12 12:15:33',NULL),(384,2,4,15,1,'2016-07-12','2016-07-12',70,'2016-07-12 12:15:33','2016-07-12 12:15:33',NULL),(385,2,4,133,1,'2016-07-12','2016-07-12',70,'2016-07-12 12:15:33','2016-07-12 12:15:33',NULL),(386,2,4,70,1,'2016-07-12','2016-07-12',70,'2016-07-12 12:15:33','2016-07-12 12:15:33',NULL),(387,2,4,162,1,'2016-07-12','2016-07-12',70,'2016-07-12 12:15:33','2016-07-12 12:15:33',NULL),(388,42,138,138,1,'2016-07-12','2016-07-12',70,'2016-07-12 12:15:33','2016-07-12 12:15:33',NULL),(389,42,138,120,1,'2016-07-12','2016-07-12',70,'2016-07-12 12:15:33','2016-07-12 12:15:33',NULL),(390,42,138,118,1,'2016-07-12','2016-07-12',70,'2016-07-12 12:15:33','2016-07-12 12:15:33',NULL),(391,42,138,91,1,'2016-07-12','2016-07-12',70,'2016-07-12 12:15:33','2016-07-12 12:15:33',NULL),(392,42,138,12,1,'2016-07-12','2016-07-12',70,'2016-07-12 12:15:33','2016-07-12 12:15:33',NULL),(393,42,138,30,1,'2016-07-12','2016-07-12',70,'2016-07-12 12:15:33','2016-07-12 12:15:33',NULL),(394,42,138,12,1,'2016-07-12','2016-07-12',70,'2016-07-12 12:15:33','2016-07-12 12:15:33',NULL),(395,42,138,133,1,'2016-07-12','2016-07-12',70,'2016-07-12 12:15:33','2016-07-12 12:15:33',NULL),(396,42,138,20,1,'2016-07-12','2016-07-12',70,'2016-07-12 12:15:33','2016-07-12 12:15:33',NULL),(397,42,138,182,1,'2016-07-12','2016-07-12',70,'2016-07-12 12:15:33','2016-07-12 12:15:33',NULL),(398,42,138,26,1,'2016-07-12','2016-07-12',70,'2016-07-12 12:15:33','2016-07-12 12:15:33',NULL),(399,42,138,30,1,'2016-07-12','2016-07-12',70,'2016-07-12 12:15:33','2016-07-12 12:15:33',NULL),(400,42,138,9,1,'2016-07-12','2016-07-12',70,'2016-07-12 12:15:33','2016-07-12 12:15:33',NULL),(401,43,30,30,1,'2016-07-12','2016-07-12',70,'2016-07-12 12:15:33','2016-07-12 12:15:33',NULL),(402,43,30,13,1,'2016-07-12','2016-07-12',70,'2016-07-12 12:15:33','2016-07-12 12:15:33',NULL),(403,43,30,67,1,'2016-07-12','2016-07-12',70,'2016-07-12 12:15:33','2016-07-12 12:15:33',NULL),(404,43,30,31,1,'2016-07-12','2016-07-12',70,'2016-07-12 12:15:33','2016-07-12 12:15:33',NULL),(405,43,30,110,1,'2016-07-12','2016-07-12',70,'2016-07-12 12:15:33','2016-07-12 12:15:33',NULL),(406,43,30,21,1,'2016-07-12','2016-07-12',70,'2016-07-12 12:15:33','2016-07-12 12:15:33',NULL),(407,43,30,62,1,'2016-07-12','2016-07-12',70,'2016-07-12 12:15:33','2016-07-12 12:15:33',NULL),(408,43,30,3,1,'2016-07-12','2016-07-12',70,'2016-07-12 12:15:33','2016-07-12 12:15:33',NULL),(409,43,30,8,1,'2016-07-12','2016-07-12',70,'2016-07-12 12:15:33','2016-07-12 12:15:33',NULL),(410,43,30,32,1,'2016-07-12','2016-07-12',70,'2016-07-12 12:15:33','2016-07-12 12:15:33',NULL),(411,43,30,6,1,'2016-07-12','2016-07-12',70,'2016-07-12 12:15:33','2016-07-12 12:15:33',NULL),(412,43,30,221,1,'2016-07-12','2016-07-12',70,'2016-07-12 12:15:33','2016-07-12 12:15:33',NULL),(413,43,30,31,1,'2016-07-12','2016-07-12',70,'2016-07-12 12:15:33','2016-07-12 12:15:33',NULL),(414,43,30,21,1,'2016-07-12','2016-07-12',70,'2016-07-12 12:15:33','2016-07-12 12:15:33',NULL),(415,45,8,8,1,'2016-07-12','2016-07-12',70,'2016-07-12 12:15:33','2016-07-12 12:15:33',NULL),(416,45,8,126,1,'2016-07-12','2016-07-12',70,'2016-07-12 12:15:33','2016-07-12 12:15:33',NULL),(417,45,8,21,1,'2016-07-12','2016-07-12',70,'2016-07-12 12:15:33','2016-07-12 12:15:33',NULL),(418,45,8,13,1,'2016-07-12','2016-07-12',70,'2016-07-12 12:15:33','2016-07-12 12:15:33',NULL),(419,45,8,163,1,'2016-07-12','2016-07-12',70,'2016-07-12 12:15:33','2016-07-12 12:15:33',NULL),(420,45,8,8,1,'2016-07-12','2016-07-12',70,'2016-07-12 12:15:33','2016-07-12 12:15:33',NULL),(421,45,8,118,1,'2016-07-12','2016-07-12',70,'2016-07-12 12:15:33','2016-07-12 12:15:33',NULL),(422,45,8,48,1,'2016-07-12','2016-07-12',70,'2016-07-12 12:15:33','2016-07-12 12:15:33',NULL),(423,45,8,107,1,'2016-07-12','2016-07-12',70,'2016-07-12 12:15:33','2016-07-12 12:15:33',NULL),(424,45,8,40,1,'2016-07-12','2016-07-12',70,'2016-07-12 12:15:33','2016-07-12 12:15:33',NULL),(425,45,8,9,1,'2016-07-12','2016-07-12',70,'2016-07-12 12:15:33','2016-07-12 12:15:33',NULL),(426,45,8,20,1,'2016-07-12','2016-07-12',70,'2016-07-12 12:15:33','2016-07-12 12:15:33',NULL),(427,45,8,2,1,'2016-07-12','2016-07-12',70,'2016-07-12 12:15:33','2016-07-12 12:15:33',NULL),(428,45,8,204,1,'2016-07-12','2016-07-12',70,'2016-07-12 12:15:33','2016-07-12 12:15:33',NULL),(429,45,8,26,1,'2016-07-12','2016-07-12',70,'2016-07-12 12:15:33','2016-07-12 12:15:33',NULL),(430,45,8,26,1,'2016-07-12','2016-07-12',70,'2016-07-12 12:15:33','2016-07-12 12:15:33',NULL),(431,45,8,15,1,'2016-07-12','2016-07-12',70,'2016-07-12 12:15:33','2016-07-12 12:15:33',NULL),(432,45,8,70,1,'2016-07-12','2016-07-12',70,'2016-07-12 12:15:33','2016-07-12 12:15:33',NULL),(433,45,8,61,1,'2016-07-12','2016-07-12',70,'2016-07-12 12:15:33','2016-07-12 12:15:33',NULL),(434,46,20,20,1,'2016-07-12','2016-07-12',70,'2016-07-12 12:15:33','2016-07-12 12:15:33',NULL),(435,46,20,17,1,'2016-07-12','2016-07-12',70,'2016-07-12 12:15:33','2016-07-12 12:15:33',NULL),(436,46,20,27,1,'2016-07-12','2016-07-12',70,'2016-07-12 12:15:33','2016-07-12 12:15:33',NULL),(437,46,20,26,1,'2016-07-12','2016-07-12',70,'2016-07-12 12:15:33','2016-07-12 12:15:33',NULL),(438,1,1,1,1,'2016-07-12','2016-07-12',70,'2016-07-12 12:15:33','2016-07-12 12:15:33',NULL);
/*!40000 ALTER TABLE `project_manager` ENABLE KEYS */;
UNLOCK TABLES;

--
-- Table structure for table `revisions`
--

DROP TABLE IF EXISTS `revisions`;
/*!40101 SET @saved_cs_client     = @@character_set_client */;
/*!40101 SET character_set_client = utf8 */;
CREATE TABLE `revisions` (
  `id` int(10) unsigned NOT NULL AUTO_INCREMENT,
  `revisionable_type` varchar(255) COLLATE utf8_unicode_ci NOT NULL,
  `revisionable_id` int(11) NOT NULL,
  `user_id` int(11) DEFAULT NULL,
  `key` varchar(255) COLLATE utf8_unicode_ci NOT NULL,
  `old_value` text COLLATE utf8_unicode_ci,
  `new_value` text COLLATE utf8_unicode_ci,
  `created_at` timestamp NOT NULL DEFAULT '0000-00-00 00:00:00',
  `updated_at` timestamp NOT NULL DEFAULT '0000-00-00 00:00:00',
  PRIMARY KEY (`id`),
  KEY `revisions_revisionable_id_revisionable_type_index` (`revisionable_id`,`revisionable_type`)
) ENGINE=InnoDB AUTO_INCREMENT=15 DEFAULT CHARSET=utf8 COLLATE=utf8_unicode_ci;
/*!40101 SET character_set_client = @saved_cs_client */;

--
-- Dumping data for table `revisions`
--

LOCK TABLES `revisions` WRITE;
/*!40000 ALTER TABLE `revisions` DISABLE KEYS */;
INSERT INTO `revisions` VALUES (1,'App\\Models\\Project',37,1,'project_end_date','2016-03-31','2016-04-30','2016-03-03 08:21:57','2016-03-03 08:21:57'),(2,'App\\Models\\Project',37,1,'deleted_at',NULL,'2016-03-03 08:22:08','2016-03-03 08:22:08','2016-03-03 08:22:08'),(3,'App\\Models\\ProjectManager',1,1,'end_date','2016-03-31','2016-03-23','2016-03-03 09:05:18','2016-03-03 09:05:18'),(4,'App\\Models\\FeedbackTransaction',9,37,'comments','Interaction with Team ','Interaction with Team Participation in Org ActivitiesParticipation in Org ActivitiesParticipation in Org Activities','2016-03-07 06:07:40','2016-03-07 06:07:40'),(5,'App\\Models\\ProjectManager',3,33,'people_id','41','39','2016-03-08 07:10:02','2016-03-08 07:10:02'),(6,'App\\Models\\FeedbackTransaction',1,37,'expectation_id','3','2','2016-03-09 05:09:20','2016-03-09 05:09:20'),(7,'App\\Models\\FeedbackTransaction',2,37,'expectation_id','3','2','2016-03-09 05:09:20','2016-03-09 05:09:20'),(8,'App\\Models\\FeedbackTransaction',8,37,'expectation_id','3','4','2016-03-09 05:09:20','2016-03-09 05:09:20'),(9,'App\\Models\\FeedbackTransaction',11,37,'expectation_id','3','4','2016-03-09 05:09:20','2016-03-09 05:09:20'),(10,'App\\Models\\ProjectManager',9,33,'people_id','36','44','2016-03-22 08:44:10','2016-03-22 08:44:10'),(11,'App\\Models\\Project',47,33,'name','UX practices','UX Team','2016-03-22 10:43:10','2016-03-22 10:43:10'),(12,'App\\Models\\Project',47,33,'name','UX Team','UX Team and UI practices','2016-03-22 10:44:56','2016-03-22 10:44:56'),(13,'App\\Models\\ProjectManager',12,33,'people_id','44','42','2016-03-22 12:36:09','2016-03-22 12:36:09'),(14,'App\\Models\\FeedbackMetrics',4,33,'metrics','Timely project delivery','Timely project delivery:Complete 95% assignments 95% on time and with:  < 1% defects during Unit Test  < 2% defects during System Test  < 5% defects during UAT','2016-07-11 07:22:22','2016-07-11 07:22:22');
/*!40000 ALTER TABLE `revisions` ENABLE KEYS */;
UNLOCK TABLES;

--
-- Table structure for table `role_user`
--

DROP TABLE IF EXISTS `role_user`;
/*!40101 SET @saved_cs_client     = @@character_set_client */;
/*!40101 SET character_set_client = utf8 */;
CREATE TABLE `role_user` (
  `id` int(10) unsigned NOT NULL AUTO_INCREMENT,
  `role_id` int(10) unsigned NOT NULL,
  `user_id` int(10) unsigned NOT NULL,
  `created_at` timestamp NOT NULL DEFAULT '0000-00-00 00:00:00',
  `updated_at` timestamp NOT NULL DEFAULT '0000-00-00 00:00:00',
  PRIMARY KEY (`id`),
  KEY `role_user_role_id_index` (`role_id`),
  KEY `role_user_user_id_index` (`user_id`),
  CONSTRAINT `role_user_role_id_foreign` FOREIGN KEY (`role_id`) REFERENCES `roles` (`id`) ON DELETE CASCADE,
  CONSTRAINT `role_user_user_id_foreign` FOREIGN KEY (`user_id`) REFERENCES `users` (`id`) ON DELETE CASCADE
) ENGINE=InnoDB AUTO_INCREMENT=251 DEFAULT CHARSET=utf8 COLLATE=utf8_unicode_ci;
/*!40101 SET character_set_client = @saved_cs_client */;

--
-- Dumping data for table `role_user`
--

LOCK TABLES `role_user` WRITE;
/*!40000 ALTER TABLE `role_user` DISABLE KEYS */;
INSERT INTO `role_user` VALUES (1,5,1,'2002-05-16 11:19:00','2002-05-16 11:19:00'),(2,4,2,'2002-05-16 11:19:00','2002-05-16 11:19:00'),(3,4,3,'2002-05-16 11:19:00','2002-05-16 11:19:00'),(4,4,4,'2002-05-16 11:19:00','2002-05-16 11:19:00'),(5,4,5,'2002-05-16 11:19:00','2002-05-16 11:19:00'),(6,4,6,'2002-05-16 11:19:00','2002-05-16 11:19:00'),(7,4,7,'2002-05-16 11:19:00','2002-05-16 11:19:00'),(8,4,8,'2002-05-16 11:19:00','2002-05-16 11:19:00'),(9,4,9,'2002-05-16 11:19:00','2002-05-16 11:19:00'),(10,4,10,'2002-05-16 11:19:00','2002-05-16 11:19:00'),(11,4,11,'2002-05-16 11:19:00','2002-05-16 11:19:00'),(13,4,13,'2002-05-16 11:19:00','2002-05-16 11:19:00'),(14,4,14,'2002-05-16 11:19:00','2002-05-16 11:19:00'),(15,4,15,'2002-05-16 11:19:00','2002-05-16 11:19:00'),(16,4,16,'2002-05-16 11:19:00','2002-05-16 11:19:00'),(18,4,18,'2002-05-16 11:19:00','2002-05-16 11:19:00'),(19,4,19,'2002-05-16 11:19:00','2002-05-16 11:19:00'),(20,4,20,'2002-05-16 11:19:00','2002-05-16 11:19:00'),(21,4,21,'2002-05-16 11:19:00','2002-05-16 11:19:00'),(22,4,22,'2002-05-16 11:19:00','2002-05-16 11:19:00'),(23,4,23,'2002-05-16 11:19:00','2002-05-16 11:19:00'),(24,4,24,'2002-05-16 11:19:00','2002-05-16 11:19:00'),(25,4,25,'2002-05-16 11:19:00','2002-05-16 11:19:00'),(26,4,26,'2002-05-16 11:19:00','2002-05-16 11:19:00'),(27,4,27,'2002-05-16 11:19:00','2002-05-16 11:19:00'),(28,4,28,'2002-05-16 11:19:00','2002-05-16 11:19:00'),(29,4,29,'2002-05-16 11:19:00','2002-05-16 11:19:00'),(30,4,30,'2002-05-16 11:19:00','2002-05-16 11:19:00'),(31,4,31,'2002-05-16 11:19:00','2002-05-16 11:19:00'),(32,4,32,'2002-05-16 11:19:00','2002-05-16 11:19:00'),(34,4,34,'2002-05-16 11:19:00','2002-05-16 11:19:00'),(35,4,35,'2002-05-16 11:19:00','2002-05-16 11:19:00'),(36,4,36,'2002-05-16 11:19:00','2002-05-16 11:19:00'),(37,4,37,'2002-05-16 11:19:00','2002-05-16 11:19:00'),(38,4,38,'2002-05-16 11:19:00','2002-05-16 11:19:00'),(39,4,39,'2002-05-16 11:19:00','2002-05-16 11:19:00'),(40,4,40,'2002-05-16 11:19:00','2002-05-16 11:19:00'),(41,4,41,'2002-05-16 11:19:00','2002-05-16 11:19:00'),(42,4,42,'2002-05-16 11:19:00','2002-05-16 11:19:00'),(43,4,43,'2002-05-16 11:19:00','2002-05-16 11:19:00'),(44,4,44,'2002-05-16 11:19:00','2002-05-16 11:19:00'),(45,4,45,'2002-05-16 11:19:00','2002-05-16 11:19:00'),(46,4,46,'2002-05-16 11:19:00','2002-05-16 11:19:00'),(47,4,47,'2002-05-16 11:19:00','2002-05-16 11:19:00'),(48,4,48,'2002-05-16 11:19:00','2002-05-16 11:19:00'),(49,4,49,'2002-05-16 11:19:00','2002-05-16 11:19:00'),(51,4,51,'2002-05-16 11:19:00','2002-05-16 11:19:00'),(52,4,52,'2002-05-16 11:19:00','2002-05-16 11:19:00'),(53,4,53,'2002-05-16 11:19:00','2002-05-16 11:19:00'),(54,4,54,'2002-05-16 11:19:00','2002-05-16 11:19:00'),(55,4,55,'2002-05-16 11:19:00','2002-05-16 11:19:00'),(56,4,56,'2002-05-16 11:19:00','2002-05-16 11:19:00'),(57,4,57,'2002-05-16 11:19:00','2002-05-16 11:19:00'),(58,4,58,'2002-05-16 11:19:00','2002-05-16 11:19:00'),(59,4,59,'2002-05-16 11:19:00','2002-05-16 11:19:00'),(60,4,60,'2002-05-16 11:19:00','2002-05-16 11:19:00'),(62,4,62,'2002-05-16 11:19:00','2002-05-16 11:19:00'),(63,4,63,'2002-05-16 11:19:00','2002-05-16 11:19:00'),(64,4,64,'2002-05-16 11:19:00','2002-05-16 11:19:00'),(65,4,65,'2002-05-16 11:19:00','2002-05-16 11:19:00'),(66,4,66,'2002-05-16 11:19:00','2002-05-16 11:19:00'),(67,4,67,'2002-05-16 11:19:00','2002-05-16 11:19:00'),(68,4,68,'2002-05-16 11:19:00','2002-05-16 11:19:00'),(69,4,69,'2002-05-16 11:19:00','2002-05-16 11:19:00'),(70,4,70,'2002-05-16 11:19:00','2002-05-16 11:19:00'),(72,4,72,'2002-05-16 11:19:00','2002-05-16 11:19:00'),(73,4,73,'2002-05-16 11:19:00','2002-05-16 11:19:00'),(74,4,74,'2002-05-16 11:19:00','2002-05-16 11:19:00'),(75,4,75,'2002-05-16 11:19:00','2002-05-16 11:19:00'),(76,4,76,'2002-05-16 11:19:00','2002-05-16 11:19:00'),(77,4,77,'2002-05-16 11:19:00','2002-05-16 11:19:00'),(78,4,78,'2002-05-16 11:19:00','2002-05-16 11:19:00'),(79,4,79,'2002-05-16 11:19:00','2002-05-16 11:19:00'),(80,4,80,'2002-05-16 11:19:00','2002-05-16 11:19:00'),(81,4,81,'2002-05-16 11:19:00','2002-05-16 11:19:00'),(82,4,82,'2002-05-16 11:19:00','2002-05-16 11:19:00'),(83,4,83,'2002-05-16 11:19:00','2002-05-16 11:19:00'),(84,4,84,'2002-05-16 11:19:00','2002-05-16 11:19:00'),(85,4,85,'2002-05-16 11:19:00','2002-05-16 11:19:00'),(86,4,86,'2002-05-16 11:19:00','2002-05-16 11:19:00'),(87,4,87,'2002-05-16 11:19:00','2002-05-16 11:19:00'),(88,4,88,'2002-05-16 11:19:00','2002-05-16 11:19:00'),(89,4,89,'2002-05-16 11:19:00','2002-05-16 11:19:00'),(90,4,90,'2002-05-16 11:19:00','2002-05-16 11:19:00'),(91,4,91,'2002-05-16 11:19:00','2002-05-16 11:19:00'),(92,4,92,'2002-05-16 11:19:00','2002-05-16 11:19:00'),(93,4,93,'2002-05-16 11:19:00','2002-05-16 11:19:00'),(94,4,94,'2002-05-16 11:19:00','2002-05-16 11:19:00'),(95,4,95,'2002-05-16 11:19:00','2002-05-16 11:19:00'),(96,4,96,'2002-05-16 11:19:00','2002-05-16 11:19:00'),(97,4,97,'2002-05-16 11:19:00','2002-05-16 11:19:00'),(98,4,98,'2002-05-16 11:19:00','2002-05-16 11:19:00'),(99,4,99,'2002-05-16 11:19:00','2002-05-16 11:19:00'),(100,4,100,'2002-05-16 11:19:00','2002-05-16 11:19:00'),(101,4,101,'2002-05-16 11:19:00','2002-05-16 11:19:00'),(103,4,103,'2002-05-16 11:19:00','2002-05-16 11:19:00'),(104,4,104,'2002-05-16 11:19:00','2002-05-16 11:19:00'),(105,4,105,'2002-05-16 11:19:00','2002-05-16 11:19:00'),(106,4,106,'2002-05-16 11:19:00','2002-05-16 11:19:00'),(107,4,107,'2002-05-16 11:19:00','2002-05-16 11:19:00'),(108,4,108,'2002-05-16 11:19:00','2002-05-16 11:19:00'),(109,4,109,'2002-05-16 11:19:00','2002-05-16 11:19:00'),(110,4,110,'2002-05-16 11:19:00','2002-05-16 11:19:00'),(111,4,111,'2002-05-16 11:19:00','2002-05-16 11:19:00'),(112,4,112,'2002-05-16 11:19:00','2002-05-16 11:19:00'),(113,4,113,'2002-05-16 11:19:00','2002-05-16 11:19:00'),(114,4,114,'2002-05-16 11:19:00','2002-05-16 11:19:00'),(115,4,115,'2002-05-16 11:19:00','2002-05-16 11:19:00'),(116,4,116,'2002-05-16 11:19:00','2002-05-16 11:19:00'),(117,4,117,'2002-05-16 11:19:00','2002-05-16 11:19:00'),(118,4,118,'2002-05-16 11:19:00','2002-05-16 11:19:00'),(119,4,119,'2002-05-16 11:19:00','2002-05-16 11:19:00'),(120,4,120,'2002-05-16 11:19:00','2002-05-16 11:19:00'),(121,4,121,'2002-05-16 11:19:00','2002-05-16 11:19:00'),(122,4,122,'2002-05-16 11:19:00','2002-05-16 11:19:00'),(123,4,123,'2002-05-16 11:19:00','2002-05-16 11:19:00'),(124,4,124,'2002-05-16 11:19:00','2002-05-16 11:19:00'),(125,4,125,'2002-05-16 11:19:00','2002-05-16 11:19:00'),(126,4,126,'2002-05-16 11:19:00','2002-05-16 11:19:00'),(127,4,127,'2002-05-16 11:19:00','2002-05-16 11:19:00'),(128,4,128,'2002-05-16 11:19:00','2002-05-16 11:19:00'),(129,4,129,'2002-05-16 11:19:00','2002-05-16 11:19:00'),(130,4,130,'2002-05-16 11:19:00','2002-05-16 11:19:00'),(131,4,131,'2002-05-16 11:19:00','2002-05-16 11:19:00'),(132,4,132,'2002-05-16 11:19:00','2002-05-16 11:19:00'),(133,4,133,'2002-05-16 11:19:00','2002-05-16 11:19:00'),(143,4,143,'2002-05-16 11:19:00','2002-05-16 11:19:00'),(145,4,145,'2002-05-16 11:19:00','2002-05-16 11:19:00'),(147,4,147,'2002-05-16 11:19:00','2002-05-16 11:19:00'),(148,4,148,'2002-05-16 11:19:00','2002-05-16 11:19:00'),(149,4,149,'2002-05-16 11:19:00','2002-05-16 11:19:00'),(150,4,150,'2002-05-16 11:19:00','2002-05-16 11:19:00'),(151,4,151,'2002-05-16 11:19:00','2002-05-16 11:19:00'),(152,4,152,'2002-05-16 11:19:00','2002-05-16 11:19:00'),(153,4,153,'2002-05-16 11:19:00','2002-05-16 11:19:00'),(154,4,154,'2002-05-16 11:19:00','2002-05-16 11:19:00'),(155,4,155,'2002-05-16 11:19:00','2002-05-16 11:19:00'),(156,4,156,'2002-05-16 11:19:00','2002-05-16 11:19:00'),(157,4,157,'2002-05-16 11:19:00','2002-05-16 11:19:00'),(158,4,158,'2002-05-16 11:19:00','2002-05-16 11:19:00'),(159,4,159,'2002-05-16 11:19:00','2002-05-16 11:19:00'),(160,4,160,'2002-05-16 11:19:00','2002-05-16 11:19:00'),(161,4,161,'2002-05-16 11:19:00','2002-05-16 11:19:00'),(162,4,162,'2002-05-16 11:19:00','2002-05-16 11:19:00'),(163,4,163,'2002-05-16 11:19:00','2002-05-16 11:19:00'),(164,4,164,'2002-05-16 11:19:00','2002-05-16 11:19:00'),(165,4,165,'2002-05-16 11:19:00','2002-05-16 11:19:00'),(166,4,166,'2002-05-16 11:19:00','2002-05-16 11:19:00'),(167,4,167,'2002-05-16 11:19:00','2002-05-16 11:19:00'),(168,4,168,'2002-05-16 11:19:00','2002-05-16 11:19:00'),(169,4,169,'2002-05-16 11:19:00','2002-05-16 11:19:00'),(170,4,170,'2002-05-16 11:19:00','2002-05-16 11:19:00'),(171,4,171,'2002-05-16 11:19:00','2002-05-16 11:19:00'),(172,4,172,'2002-05-16 11:19:00','2002-05-16 11:19:00'),(173,4,173,'2002-05-16 11:19:00','2002-05-16 11:19:00'),(174,4,174,'2002-05-16 11:19:00','2002-05-16 11:19:00'),(175,4,175,'2002-05-16 11:19:00','2002-05-16 11:19:00'),(176,4,176,'2002-05-16 11:19:00','2002-05-16 11:19:00'),(177,4,177,'2002-05-16 11:19:00','2002-05-16 11:19:00'),(178,4,178,'2002-05-16 11:19:00','2002-05-16 11:19:00'),(179,4,179,'2002-05-16 11:19:00','2002-05-16 11:19:00'),(180,4,180,'2002-05-16 11:19:00','2002-05-16 11:19:00'),(181,4,181,'2002-05-16 11:19:00','2002-05-16 11:19:00'),(182,4,182,'2002-05-16 11:19:00','2002-05-16 11:19:00'),(183,4,183,'2002-05-16 11:19:00','2002-05-16 11:19:00'),(184,4,184,'2002-05-16 11:19:00','2002-05-16 11:19:00'),(185,4,185,'2002-05-16 11:19:00','2002-05-16 11:19:00'),(186,4,186,'2002-05-16 11:19:00','2002-05-16 11:19:00'),(188,4,188,'2002-05-16 11:19:00','2002-05-16 11:19:00'),(189,4,189,'2002-05-16 11:19:00','2002-05-16 11:19:00'),(190,4,190,'2002-05-16 11:19:00','2002-05-16 11:19:00'),(191,4,191,'2002-05-16 11:19:00','2002-05-16 11:19:00'),(192,4,192,'2002-05-16 11:19:00','2002-05-16 11:19:00'),(193,4,193,'2002-05-16 11:19:00','2002-05-16 11:19:00'),(194,4,194,'2002-05-16 11:19:00','2002-05-16 11:19:00'),(195,4,195,'2002-05-16 11:19:00','2002-05-16 11:19:00'),(196,4,196,'2002-05-16 11:19:00','2002-05-16 11:19:00'),(197,4,197,'2002-05-16 11:19:00','2002-05-16 11:19:00'),(198,4,198,'2002-05-16 11:19:00','2002-05-16 11:19:00'),(199,4,199,'2002-05-16 11:19:00','2002-05-16 11:19:00'),(200,4,200,'2002-05-16 11:19:00','2002-05-16 11:19:00'),(201,4,201,'2002-05-16 11:19:00','2002-05-16 11:19:00'),(203,4,203,'2002-05-16 11:19:00','2002-05-16 11:19:00'),(204,4,204,'2002-05-16 11:19:00','2002-05-16 11:19:00'),(205,4,205,'2002-05-16 11:19:00','2002-05-16 11:19:00'),(206,4,206,'2002-05-16 11:19:00','2002-05-16 11:19:00'),(207,4,207,'2002-05-16 11:19:00','2002-05-16 11:19:00'),(208,4,208,'2002-05-16 11:19:00','2002-05-16 11:19:00'),(209,4,209,'2002-05-16 11:19:00','2002-05-16 11:19:00'),(210,4,210,'2002-05-16 11:19:00','2002-05-16 11:19:00'),(211,4,211,'2002-05-16 11:19:00','2002-05-16 11:19:00'),(212,4,212,'2002-05-16 11:19:00','2002-05-16 11:19:00'),(213,4,213,'2002-05-16 11:19:00','2002-05-16 11:19:00'),(214,4,214,'2002-05-16 11:19:00','2002-05-16 11:19:00'),(215,4,215,'2002-05-16 11:19:00','2002-05-16 11:19:00'),(216,4,216,'2002-05-16 11:19:00','2002-05-16 11:19:00'),(217,4,217,'2002-05-16 11:19:00','2002-05-16 11:19:00'),(218,4,218,'2002-05-16 11:19:00','2002-05-16 11:19:00'),(219,4,219,'2002-05-16 11:19:00','2002-05-16 11:19:00'),(221,4,221,'2002-05-16 11:19:00','2002-05-16 11:19:00'),(222,4,222,'2002-05-16 11:19:00','2002-05-16 11:19:00'),(223,4,223,'2002-05-16 11:19:00','2002-05-16 11:19:00'),(224,4,224,'2002-05-16 11:19:00','2002-05-16 11:19:00'),(225,4,225,'2002-05-16 11:19:00','2002-05-16 11:19:00'),(226,4,226,'2002-05-16 11:19:00','2002-05-16 11:19:00'),(227,4,227,'2002-05-16 11:19:00','2002-05-16 11:19:00'),(228,4,228,'2002-05-16 11:19:00','2002-05-16 11:19:00'),(229,2,220,'2016-07-12 14:37:49','2016-07-12 14:37:49'),(230,2,202,'2016-07-12 14:41:29','2016-07-12 14:41:29'),(231,2,187,'2016-07-12 14:41:48','2016-07-12 14:41:48'),(232,2,146,'2016-07-12 14:42:04','2016-07-12 14:42:04'),(233,2,102,'2016-07-12 14:42:29','2016-07-12 14:42:29'),(234,3,102,'2016-07-12 14:42:29','2016-07-12 14:42:29'),(235,2,71,'2016-07-12 14:42:47','2016-07-12 14:42:47'),(236,2,12,'2016-07-12 14:43:07','2016-07-12 14:43:07'),(237,2,17,'2016-07-12 14:43:23','2016-07-12 14:43:23'),(238,2,61,'2016-07-12 14:43:41','2016-07-12 14:43:41'),(239,3,33,'2016-07-12 14:43:53','2016-07-12 14:43:53'),(240,2,50,'2016-07-12 14:44:08','2016-07-12 14:44:08'),(241,3,134,'2016-07-12 14:44:56','2016-07-12 14:44:56'),(242,3,137,'2016-07-12 14:45:12','2016-07-12 14:45:12'),(243,3,142,'2016-07-12 14:45:24','2016-07-12 14:45:24'),(244,3,144,'2016-07-12 14:45:38','2016-07-12 14:45:38'),(245,3,136,'2016-07-12 14:45:53','2016-07-12 14:45:53'),(246,3,138,'2016-07-12 14:46:04','2016-07-12 14:46:04'),(247,3,139,'2016-07-12 14:46:16','2016-07-12 14:46:16'),(248,3,135,'2016-07-12 14:46:31','2016-07-12 14:46:31'),(249,3,141,'2016-07-12 14:46:56','2016-07-12 14:46:56'),(250,3,140,'2016-07-12 14:47:08','2016-07-12 14:47:08');
/*!40000 ALTER TABLE `role_user` ENABLE KEYS */;
UNLOCK TABLES;

--
-- Table structure for table `roles`
--

DROP TABLE IF EXISTS `roles`;
/*!40101 SET @saved_cs_client     = @@character_set_client */;
/*!40101 SET character_set_client = utf8 */;
CREATE TABLE `roles` (
  `id` int(10) unsigned NOT NULL AUTO_INCREMENT,
  `name` varchar(255) COLLATE utf8_unicode_ci NOT NULL,
  `created_at` timestamp NOT NULL DEFAULT '0000-00-00 00:00:00',
  `updated_at` timestamp NOT NULL DEFAULT '0000-00-00 00:00:00',
  `slug` varchar(255) COLLATE utf8_unicode_ci NOT NULL,
  `description` varchar(255) COLLATE utf8_unicode_ci DEFAULT NULL,
  `level` int(11) NOT NULL DEFAULT '1',
  PRIMARY KEY (`id`),
  UNIQUE KEY `roles_slug_unique` (`slug`)
) ENGINE=InnoDB AUTO_INCREMENT=8 DEFAULT CHARSET=utf8 COLLATE=utf8_unicode_ci;
/*!40101 SET character_set_client = @saved_cs_client */;

--
-- Dumping data for table `roles`
--

LOCK TABLES `roles` WRITE;
/*!40000 ALTER TABLE `roles` DISABLE KEYS */;
INSERT INTO `roles` VALUES (1,'Delivery Head','2015-10-20 00:00:00','2015-10-20 00:00:00','delivery-head',NULL,1),(2,'Practice Lead','2015-10-20 00:00:00','2015-10-20 00:00:00','practice-lead',NULL,2),(3,'Project Manager','2015-10-20 00:00:00','2015-10-20 00:00:00','project-manager',NULL,3),(4,'People','2015-10-20 00:00:00','2015-10-20 00:00:00','people',NULL,4),(5,'Admin','2015-10-20 00:00:00','2015-10-20 00:00:00','admin',NULL,5),(7,'Human Resource','2016-07-11 09:01:00','2016-07-11 09:01:00','human.resource',NULL,1);
/*!40000 ALTER TABLE `roles` ENABLE KEYS */;
UNLOCK TABLES;

--
-- Table structure for table `throttles`
--

DROP TABLE IF EXISTS `throttles`;
/*!40101 SET @saved_cs_client     = @@character_set_client */;
/*!40101 SET character_set_client = utf8 */;
CREATE TABLE `throttles` (
  `id` int(10) unsigned NOT NULL AUTO_INCREMENT,
  `identifier` varchar(255) COLLATE utf8_unicode_ci NOT NULL,
  `value` varchar(255) COLLATE utf8_unicode_ci NOT NULL,
  `hits` int(11) NOT NULL,
  `route_url` varchar(255) COLLATE utf8_unicode_ci NOT NULL,
  `method` varchar(10) COLLATE utf8_unicode_ci NOT NULL,
  `ip` varchar(255) COLLATE utf8_unicode_ci DEFAULT NULL,
  `expires_at` timestamp NULL DEFAULT NULL,
  `created_at` timestamp NOT NULL DEFAULT '0000-00-00 00:00:00',
  `updated_at` timestamp NOT NULL DEFAULT '0000-00-00 00:00:00',
  PRIMARY KEY (`id`)
) ENGINE=InnoDB AUTO_INCREMENT=4 DEFAULT CHARSET=utf8 COLLATE=utf8_unicode_ci;
/*!40101 SET character_set_client = @saved_cs_client */;

--
-- Dumping data for table `throttles`
--

LOCK TABLES `throttles` WRITE;
/*!40000 ALTER TABLE `throttles` DISABLE KEYS */;
INSERT INTO `throttles` VALUES (1,'email','bharathy@npat.com',2,'http://npat.app/password/email','POST',NULL,NULL,'2016-07-07 11:04:12','2016-07-07 11:04:21'),(2,'email','rohini@npat.com',2,'http://npat.app/password/email','POST',NULL,NULL,'2016-07-07 11:04:44','2016-07-07 12:18:54'),(3,'email','admin@npat.com',4,'http://npat.app/account/login','POST',NULL,NULL,'2016-07-11 05:47:56','2016-07-11 05:50:32');
/*!40000 ALTER TABLE `throttles` ENABLE KEYS */;
UNLOCK TABLES;

--
-- Table structure for table `users`
--

DROP TABLE IF EXISTS `users`;
/*!40101 SET @saved_cs_client     = @@character_set_client */;
/*!40101 SET character_set_client = utf8 */;
CREATE TABLE `users` (
  `id` int(10) unsigned NOT NULL AUTO_INCREMENT,
  `name` varchar(255) COLLATE utf8_unicode_ci NOT NULL,
  `email` varchar(255) COLLATE utf8_unicode_ci NOT NULL,
  `password` varchar(60) COLLATE utf8_unicode_ci NOT NULL,
  `remember_token` varchar(100) COLLATE utf8_unicode_ci DEFAULT NULL,
  `created_at` timestamp NOT NULL DEFAULT '0000-00-00 00:00:00',
  `updated_at` timestamp NOT NULL DEFAULT '0000-00-00 00:00:00',
  `navigator_designation_id` int(10) unsigned NOT NULL,
  `reporting_manager_id` int(10) unsigned NOT NULL,
  `emp_id` varchar(255) COLLATE utf8_unicode_ci NOT NULL,
  `is_super_admin` tinyint(1) DEFAULT NULL,
  `deleted_at` timestamp NULL DEFAULT NULL,
  `status` tinyint(1) NOT NULL DEFAULT '1',
  `recovery_question` varchar(255) COLLATE utf8_unicode_ci DEFAULT NULL,
  PRIMARY KEY (`id`),
  UNIQUE KEY `users_email_unique` (`email`)
) ENGINE=InnoDB AUTO_INCREMENT=229 DEFAULT CHARSET=utf8 COLLATE=utf8_unicode_ci;
/*!40101 SET character_set_client = @saved_cs_client */;

--
-- Dumping data for table `users`
--

LOCK TABLES `users` WRITE;
/*!40000 ALTER TABLE `users` DISABLE KEYS */;
INSERT INTO `users` VALUES (1,'admin','admin@npat.com','$2y$10$kGgZejnsLh/iNc1Obf4d.eUH/D8bO9mDo9bH8uf4LZuFVZX9Cpv..','J9MbNaW1SzZOvZf9rDz2vzr0wVMia5QoTwaSlGrOcyvICQMNx2HGTCWArlne','2016-03-04 04:48:10','2016-07-12 15:15:37',1,1,'CE000',1,NULL,1,NULL),(2,'Muthukumar S','muthu.kumar@compassitesinc.com','$2y$10$kGgZejnsLh/iNc1Obf4d.eUH/D8bO9mDo9bH8uf4LZuFVZX9Cpv..',NULL,'2016-03-04 04:48:10','2016-03-04 04:48:10',13,1,'CE454',NULL,NULL,1,NULL),(3,'Jitendra Kumar','jitendra.kumar@compassitesinc.com','$2y$10$kGgZejnsLh/iNc1Obf4d.eUH/D8bO9mDo9bH8uf4LZuFVZX9Cpv..',NULL,'2016-03-04 04:48:10','2016-03-04 04:48:10',7,137,'CE418',NULL,NULL,1,NULL),(4,'Jiju Ronold','jiju.ronold@compassitesinc.com','$2y$10$kGgZejnsLh/iNc1Obf4d.eUH/D8bO9mDo9bH8uf4LZuFVZX9Cpv..',NULL,'2016-03-04 04:48:10','2016-03-04 04:48:10',42,137,'CE465',NULL,NULL,1,NULL),(5,'Ajay B R','ajay.br@compassitesinc.com','$2y$10$kGgZejnsLh/iNc1Obf4d.eUH/D8bO9mDo9bH8uf4LZuFVZX9Cpv..',NULL,'2016-03-04 04:48:10','2016-03-04 04:48:10',16,137,'CE498',NULL,NULL,1,NULL),(6,'Chandan I Banakar','chandan.banakar@compassitesinc.com','$2y$10$kGgZejnsLh/iNc1Obf4d.eUH/D8bO9mDo9bH8uf4LZuFVZX9Cpv..',NULL,'2016-03-04 04:48:10','2016-03-04 04:48:10',7,137,'CE510',NULL,NULL,1,NULL),(7,'Seeja Syed','seeja.syed@compassitesinc.com','$2y$10$kGgZejnsLh/iNc1Obf4d.eUH/D8bO9mDo9bH8uf4LZuFVZX9Cpv..',NULL,'2016-03-04 04:48:10','2016-03-04 04:48:10',7,137,'CE530',NULL,NULL,1,NULL),(8,'Siddharth Deshwal','siddharth.deshwal@compassitesinc.com','$2y$10$kGgZejnsLh/iNc1Obf4d.eUH/D8bO9mDo9bH8uf4LZuFVZX9Cpv..',NULL,'2016-03-04 04:48:10','2016-03-04 04:48:10',29,137,'CE556',NULL,NULL,1,NULL),(9,'Naveena N','naveena.n@compassitesinc.com ','$2y$10$kGgZejnsLh/iNc1Obf4d.eUH/D8bO9mDo9bH8uf4LZuFVZX9Cpv..',NULL,'2016-03-04 04:48:10','2016-03-04 04:48:10',16,137,'CE604',NULL,NULL,1,NULL),(10,'Andayil Srividya','srividya@compassitesinc.com','$2y$10$kGgZejnsLh/iNc1Obf4d.eUH/D8bO9mDo9bH8uf4LZuFVZX9Cpv..',NULL,'2016-03-04 04:48:10','2016-03-04 04:48:10',25,1,'CE561',NULL,NULL,1,NULL),(11,'Kanchana K','kanchana.k@compassitesinc.com','$2y$10$kGgZejnsLh/iNc1Obf4d.eUH/D8bO9mDo9bH8uf4LZuFVZX9Cpv..',NULL,'2016-03-04 04:48:10','2016-03-04 04:48:10',32,193,'CE568',NULL,NULL,1,NULL),(12,'Gopalakrishnan Periyasamy','p.gopalakrishnan@Compassitesinc.com','$2y$10$5HnYFOnzPUnnZxq5zLJQquOYS0.Z85eF0aR8sCNUJWJpaTU5x2Hd6',NULL,'2016-03-04 04:48:10','2016-07-12 14:43:07',20,1,'CE109',NULL,NULL,1,NULL),(13,'Chelladurai S','chelladurai.s@compassitesinc.com','$2y$10$kGgZejnsLh/iNc1Obf4d.eUH/D8bO9mDo9bH8uf4LZuFVZX9Cpv..',NULL,'2016-03-04 04:48:10','2016-03-04 04:48:10',34,12,'CE580',NULL,NULL,1,NULL),(14,'Dhayalan G','dhayalan.g@compassitesinc.com','$2y$10$kGgZejnsLh/iNc1Obf4d.eUH/D8bO9mDo9bH8uf4LZuFVZX9Cpv..',NULL,'2016-03-04 04:48:10','2016-03-04 04:48:10',34,12,'CE595',NULL,NULL,1,NULL),(15,'Priyanka Gumber','priyanka.gumber@compassitesinc.com','$2y$10$kGgZejnsLh/iNc1Obf4d.eUH/D8bO9mDo9bH8uf4LZuFVZX9Cpv..',NULL,'2016-03-04 04:48:10','2016-03-04 04:48:10',33,102,'CE496',NULL,NULL,1,NULL),(16,'Shyam Sunder Reddy','shyam.sundar@compassitesinc.com','$2y$10$kGgZejnsLh/iNc1Obf4d.eUH/D8bO9mDo9bH8uf4LZuFVZX9Cpv..',NULL,'2016-03-04 04:48:10','2016-03-04 04:48:10',33,17,'CE596',NULL,NULL,1,NULL),(17,'Balasubramanian P','p.balasubramanian@compassitesinc.com','$2y$10$q7k9W.NprgaXKMEBqzpRW./Rdi3OttNSAPCAxEnCcZeRPBdHMnfiW',NULL,'2016-03-04 04:48:10','2016-07-12 14:43:23',20,1,'CE167',NULL,NULL,1,NULL),(18,'Michael Sam P','p.michaelsam@compassitesinc.com','$2y$10$kGgZejnsLh/iNc1Obf4d.eUH/D8bO9mDo9bH8uf4LZuFVZX9Cpv..',NULL,'2016-03-04 04:48:10','2016-03-04 04:48:10',45,17,'CE201',NULL,NULL,1,NULL),(19,'Utsav Dawn','utsav.dawn@compassitesinc.com','$2y$10$kGgZejnsLh/iNc1Obf4d.eUH/D8bO9mDo9bH8uf4LZuFVZX9Cpv..',NULL,'2016-03-04 04:48:10','2016-03-04 04:48:10',42,17,'CE358',NULL,NULL,1,NULL),(20,'Thiru Prakash Kamballa','thiruprakash.k@compassitesinc.com','$2y$10$kGgZejnsLh/iNc1Obf4d.eUH/D8bO9mDo9bH8uf4LZuFVZX9Cpv..',NULL,'2016-03-04 04:48:10','2016-03-04 04:48:10',39,17,'CE368',NULL,NULL,1,NULL),(21,'Ramaraj Murugesan','ramaraj.m@compassitesinc.com','$2y$10$kGgZejnsLh/iNc1Obf4d.eUH/D8bO9mDo9bH8uf4LZuFVZX9Cpv..',NULL,'2016-03-04 04:48:10','2016-03-04 04:48:10',8,17,'CE391',NULL,NULL,1,NULL),(22,'Srinivasa P.V','srinivasa.pv@compassitesinc.com','$2y$10$kGgZejnsLh/iNc1Obf4d.eUH/D8bO9mDo9bH8uf4LZuFVZX9Cpv..',NULL,'2016-03-04 04:48:10','2016-03-04 04:48:10',45,17,'CE402',NULL,NULL,1,NULL),(23,'Nashwa Zakir','nashwa.zakir@compassitesinc.com','$2y$10$kGgZejnsLh/iNc1Obf4d.eUH/D8bO9mDo9bH8uf4LZuFVZX9Cpv..',NULL,'2016-03-04 04:48:10','2016-03-04 04:48:10',42,17,'CE403',NULL,NULL,1,NULL),(24,'Sankar Murugesan','sankar.m@compassitesinc.com','$2y$10$kGgZejnsLh/iNc1Obf4d.eUH/D8bO9mDo9bH8uf4LZuFVZX9Cpv..',NULL,'2016-03-04 04:48:10','2016-03-04 04:48:10',5,17,'CE404',NULL,NULL,1,NULL),(25,'LakshmiHariKumar Mannem','harikumar@compassitesinc.com','$2y$10$kGgZejnsLh/iNc1Obf4d.eUH/D8bO9mDo9bH8uf4LZuFVZX9Cpv..',NULL,'2016-03-04 04:48:10','2016-03-04 04:48:10',45,17,'CE419',NULL,NULL,1,NULL),(26,'Arun Sheshadri','arun.s@compassitesinc.com','$2y$10$kGgZejnsLh/iNc1Obf4d.eUH/D8bO9mDo9bH8uf4LZuFVZX9Cpv..',NULL,'2016-03-04 04:48:10','2016-03-04 04:48:10',45,17,'CE422',NULL,NULL,1,NULL),(27,'Abhishek Mehandale','abhishek.mehendale@compassitesinc.com','$2y$10$kGgZejnsLh/iNc1Obf4d.eUH/D8bO9mDo9bH8uf4LZuFVZX9Cpv..',NULL,'2016-03-04 04:48:10','2016-03-04 04:48:10',39,17,'CE423',NULL,NULL,1,NULL),(28,'Murugesan N','murugesan.nataraj@compassitesinc.com','$2y$10$kGgZejnsLh/iNc1Obf4d.eUH/D8bO9mDo9bH8uf4LZuFVZX9Cpv..',NULL,'2016-03-04 04:48:10','2016-03-04 04:48:10',39,17,'CE448',NULL,NULL,1,NULL),(29,'Ritika Jha','ritika.jha@compassitesinc.com','$2y$10$kGgZejnsLh/iNc1Obf4d.eUH/D8bO9mDo9bH8uf4LZuFVZX9Cpv..',NULL,'2016-03-04 04:48:10','2016-03-04 04:48:10',42,17,'CE457',NULL,NULL,1,NULL),(30,'Sudeepthi K','sudeepthi.k@compassitesinc.com','$2y$10$kGgZejnsLh/iNc1Obf4d.eUH/D8bO9mDo9bH8uf4LZuFVZX9Cpv..',NULL,'2016-03-04 04:48:10','2016-03-04 04:48:10',42,17,'CE466',NULL,NULL,1,NULL),(31,'Naveen Krishna Parepalli','naveen.krishna@compassitesinc.com','$2y$10$kGgZejnsLh/iNc1Obf4d.eUH/D8bO9mDo9bH8uf4LZuFVZX9Cpv..',NULL,'2016-03-04 04:48:10','2016-03-04 04:48:10',5,17,'CE539',NULL,NULL,1,NULL),(32,'Chandrahas S Hemmady ','Chandrahas.hemmady@compassitesinc.com','$2y$10$kGgZejnsLh/iNc1Obf4d.eUH/D8bO9mDo9bH8uf4LZuFVZX9Cpv..',NULL,'2016-03-04 04:48:10','2016-03-04 04:48:10',5,17,'CE564',NULL,NULL,1,NULL),(33,'Girish Mahajan','girish.mahajan@compassitesinc.com','$2y$10$IXXtL1q2rKe4IfrluSoQbOGLKox8y.lYWYXpbUeL13EU1sSjtWzla',NULL,'2016-03-04 04:48:10','2016-07-12 14:43:53',20,1,'CE614',NULL,NULL,1,NULL),(34,'Manasa G R','manasa.gr@compassitesinc.com','$2y$10$kGgZejnsLh/iNc1Obf4d.eUH/D8bO9mDo9bH8uf4LZuFVZX9Cpv..',NULL,'2016-03-04 04:48:10','2016-03-04 04:48:10',30,1,'CE408',NULL,NULL,1,NULL),(35,'Tangutoor Brahma Arun Kumar','arunkumar.t@compassitesinc.com','$2y$10$kGgZejnsLh/iNc1Obf4d.eUH/D8bO9mDo9bH8uf4LZuFVZX9Cpv..',NULL,'2016-03-04 04:48:10','2016-03-04 04:48:10',30,1,'CE514',NULL,NULL,1,NULL),(36,'Roshni Gangamma Uthappa','roshni.uthappa@compassitesinc.com','$2y$10$kGgZejnsLh/iNc1Obf4d.eUH/D8bO9mDo9bH8uf4LZuFVZX9Cpv..',NULL,'2016-03-04 04:48:10','2016-03-04 04:48:10',24,1,'CE593',NULL,NULL,1,NULL),(37,'Malathi Rajshekaran','malathi.rs@compassitesinc.com','$2y$10$kGgZejnsLh/iNc1Obf4d.eUH/D8bO9mDo9bH8uf4LZuFVZX9Cpv..',NULL,'2016-03-04 04:48:10','2016-03-04 04:48:10',14,1,'CE625',NULL,NULL,1,NULL),(38,'Pramod Gouda','pramod.gouda@compassitesinc.com','$2y$10$kGgZejnsLh/iNc1Obf4d.eUH/D8bO9mDo9bH8uf4LZuFVZX9Cpv..',NULL,'2016-03-04 04:48:10','2016-03-04 04:48:10',26,12,'CE438',NULL,NULL,1,NULL),(39,'Muneeswaran S','muneeswaran.s@compassitesinc.com','$2y$10$kGgZejnsLh/iNc1Obf4d.eUH/D8bO9mDo9bH8uf4LZuFVZX9Cpv..',NULL,'2016-03-04 04:48:10','2016-03-04 04:48:10',26,12,'CE494',NULL,NULL,1,NULL),(40,'Mohd. Zameerul Hasan','zameerul.hasan@compassitesinc.com','$2y$10$kGgZejnsLh/iNc1Obf4d.eUH/D8bO9mDo9bH8uf4LZuFVZX9Cpv..',NULL,'2016-03-04 04:48:10','2016-03-04 04:48:10',39,50,'CE191',NULL,NULL,1,NULL),(41,'Yaseen Mulla','yaseen.mulla@compassitesinc.com','$2y$10$kGgZejnsLh/iNc1Obf4d.eUH/D8bO9mDo9bH8uf4LZuFVZX9Cpv..',NULL,'2016-03-04 04:48:10','2016-03-04 04:48:10',39,50,'CE193',NULL,NULL,1,NULL),(42,'Prakash Jetty','prakash.jetty@compassitesinc.com','$2y$10$kGgZejnsLh/iNc1Obf4d.eUH/D8bO9mDo9bH8uf4LZuFVZX9Cpv..',NULL,'2016-03-04 04:48:10','2016-03-04 04:48:10',39,50,'CE298',NULL,NULL,1,NULL),(43,'Prasanna Kumar Lenka','prasanna.lenka@compassitesinc.com','$2y$10$kGgZejnsLh/iNc1Obf4d.eUH/D8bO9mDo9bH8uf4LZuFVZX9Cpv..',NULL,'2016-03-04 04:48:10','2016-03-04 04:48:10',42,50,'CE314',NULL,NULL,1,NULL),(44,'Dakshayani K','dakshayani.k@compassitesinc.com','$2y$10$kGgZejnsLh/iNc1Obf4d.eUH/D8bO9mDo9bH8uf4LZuFVZX9Cpv..',NULL,'2016-03-04 04:48:10','2016-03-04 04:48:10',42,50,'CE315',NULL,NULL,1,NULL),(45,'Santhosha Rao','santhosha.rao@compassitesinc.com','$2y$10$kGgZejnsLh/iNc1Obf4d.eUH/D8bO9mDo9bH8uf4LZuFVZX9Cpv..',NULL,'2016-03-04 04:48:10','2016-03-04 04:48:10',39,50,'CE330',NULL,NULL,1,NULL),(46,'Srishti Shukla','srishti.shukla@compassitesinc.com','$2y$10$kGgZejnsLh/iNc1Obf4d.eUH/D8bO9mDo9bH8uf4LZuFVZX9Cpv..',NULL,'2016-03-04 04:48:10','2016-03-04 04:48:10',42,50,'CE354',NULL,NULL,1,NULL),(47,'Gayatri R P','gayatri.rp@compassitesinc.com','$2y$10$kGgZejnsLh/iNc1Obf4d.eUH/D8bO9mDo9bH8uf4LZuFVZX9Cpv..',NULL,'2016-03-04 04:48:10','2016-03-04 04:48:10',42,50,'CE366',NULL,NULL,1,NULL),(48,'Jaffar sadiq','jafar.sadiq@compassitesinc.com','$2y$10$kGgZejnsLh/iNc1Obf4d.eUH/D8bO9mDo9bH8uf4LZuFVZX9Cpv..',NULL,'2016-03-04 04:48:10','2016-03-04 04:48:10',42,50,'CE387',NULL,NULL,1,NULL),(49,'Ranjan Kalita','Ranjan.kalita@compassitesinc.com','$2y$10$kGgZejnsLh/iNc1Obf4d.eUH/D8bO9mDo9bH8uf4LZuFVZX9Cpv..',NULL,'2016-03-04 04:48:10','2016-03-04 04:48:10',42,50,'CE432',NULL,NULL,1,NULL),(50,'James Nirmal Kumar','james.nirmal@compassitesinc.com','$2y$10$fwFJlb1wsBUo.NJwugIu8e2UeNLI0yHlIqhq4Z19CVY1.iLPbAXLu',NULL,'2016-03-04 04:48:10','2016-07-12 14:44:08',20,1,'CE546',NULL,NULL,1,NULL),(51,'Tarun Nahar','tarun.n@compassitesinc.com','$2y$10$kGgZejnsLh/iNc1Obf4d.eUH/D8bO9mDo9bH8uf4LZuFVZX9Cpv..',NULL,'2016-03-04 04:48:10','2016-03-04 04:48:10',45,1,'CE553',NULL,NULL,1,NULL),(52,'Sobhan Babu Bandi','sobhan.babu@compassitesinc.com','$2y$10$kGgZejnsLh/iNc1Obf4d.eUH/D8bO9mDo9bH8uf4LZuFVZX9Cpv..',NULL,'2016-03-04 04:48:10','2016-03-04 04:48:10',39,50,'CE571',NULL,NULL,1,NULL),(53,'Zeeshan Ahmed Khan','zeeshan.ak@compassitesinc.com','$2y$10$kGgZejnsLh/iNc1Obf4d.eUH/D8bO9mDo9bH8uf4LZuFVZX9Cpv..',NULL,'2016-03-04 04:48:10','2016-03-04 04:48:10',42,50,'CE588',NULL,NULL,1,NULL),(54,'Sathish Kumar P','sathish.kumar@compassitesinc.com','$2y$10$kGgZejnsLh/iNc1Obf4d.eUH/D8bO9mDo9bH8uf4LZuFVZX9Cpv..',NULL,'2016-03-04 04:48:10','2016-03-04 04:48:10',39,50,'CE608',NULL,NULL,1,NULL),(55,'Adarsha S','Adarsha.S@compassitesinc.com','$2y$10$kGgZejnsLh/iNc1Obf4d.eUH/D8bO9mDo9bH8uf4LZuFVZX9Cpv..',NULL,'2016-03-04 04:48:10','2016-03-04 04:48:10',39,50,'CE632',NULL,NULL,1,NULL),(56,'Karthik V S','karthik.vs@compassitesinc.com','$2y$10$kGgZejnsLh/iNc1Obf4d.eUH/D8bO9mDo9bH8uf4LZuFVZX9Cpv..',NULL,'2016-03-04 04:48:10','2016-03-04 04:48:10',39,61,'CE450',NULL,NULL,1,NULL),(57,'Vinay Kumar A','vinaykumar.a@compassitesinc.com','$2y$10$kGgZejnsLh/iNc1Obf4d.eUH/D8bO9mDo9bH8uf4LZuFVZX9Cpv..',NULL,'2016-03-04 04:48:10','2016-03-04 04:48:10',42,61,'CE458',NULL,NULL,1,NULL),(58,'Gaurav Shukla','gaurav.shukla@compassitesinc.com','$2y$10$kGgZejnsLh/iNc1Obf4d.eUH/D8bO9mDo9bH8uf4LZuFVZX9Cpv..',NULL,'2016-03-04 04:48:10','2016-03-04 04:48:10',42,61,'CE475',NULL,NULL,1,NULL),(59,'Navin Agarwal','Navin.agarwal@compassitesinc.com','$2y$10$kGgZejnsLh/iNc1Obf4d.eUH/D8bO9mDo9bH8uf4LZuFVZX9Cpv..',NULL,'2016-03-04 04:48:10','2016-03-04 04:48:10',45,61,'CE477',NULL,NULL,1,NULL),(60,'Harshavardhan Mummanedi','Harshavardhan.m@compassitesinc.com','$2y$10$kGgZejnsLh/iNc1Obf4d.eUH/D8bO9mDo9bH8uf4LZuFVZX9Cpv..',NULL,'2016-03-04 04:48:10','2016-03-04 04:48:10',42,61,'CE478',NULL,NULL,1,NULL),(61,'Vipul S Dave','vipul.dave@compassitesinc.com','$2y$10$bR5x4j2or1lIaCYJRxG5DeE/SbiUwvaRWoIuyrJjI0drjJ/Te01O2',NULL,'2016-03-04 04:48:10','2016-07-12 14:43:41',20,1,'CE485',NULL,NULL,1,NULL),(62,'Murali Mohan Surampudi','murali.surampudi@compassitesinc.com','$2y$10$kGgZejnsLh/iNc1Obf4d.eUH/D8bO9mDo9bH8uf4LZuFVZX9Cpv..',NULL,'2016-03-04 04:48:10','2016-03-04 04:48:10',39,61,'CE526',NULL,NULL,1,NULL),(63,'Nitesh Singh','nitesh.singh@compassitesinc.com','$2y$10$kGgZejnsLh/iNc1Obf4d.eUH/D8bO9mDo9bH8uf4LZuFVZX9Cpv..',NULL,'2016-03-04 04:48:10','2016-03-04 04:48:10',39,61,'CE531',NULL,NULL,1,NULL),(64,'Donthu Raju','donthu.raju@compassitesinc.com','$2y$10$kGgZejnsLh/iNc1Obf4d.eUH/D8bO9mDo9bH8uf4LZuFVZX9Cpv..',NULL,'2016-03-04 04:48:10','2016-03-04 04:48:10',42,61,'CE557',NULL,NULL,1,NULL),(65,'Vishal Kumar ','vishal.kumar@compassitesinc.com','$2y$10$kGgZejnsLh/iNc1Obf4d.eUH/D8bO9mDo9bH8uf4LZuFVZX9Cpv..',NULL,'2016-03-04 04:48:10','2016-03-04 04:48:10',39,61,'CE579',NULL,NULL,1,NULL),(66,'Stalin K Raju','stalin.raju@compassitesinc.com','$2y$10$kGgZejnsLh/iNc1Obf4d.eUH/D8bO9mDo9bH8uf4LZuFVZX9Cpv..',NULL,'2016-03-04 04:48:10','2016-03-04 04:48:10',10,1,'CE405',NULL,NULL,1,NULL),(67,'P Srinivaasu','srinivaasu.p@compassitesinc.com  ','$2y$10$kGgZejnsLh/iNc1Obf4d.eUH/D8bO9mDo9bH8uf4LZuFVZX9Cpv..',NULL,'2016-03-04 04:48:10','2016-03-04 04:48:10',9,1,'CE481',NULL,NULL,1,NULL),(68,'Venkatesh Panduranga','venkatesh@compassitesinc.com ','$2y$10$kGgZejnsLh/iNc1Obf4d.eUH/D8bO9mDo9bH8uf4LZuFVZX9Cpv..',NULL,'2016-03-04 04:48:10','2016-03-04 04:48:10',41,1,'CE578',NULL,NULL,1,NULL),(69,'Venkat Ramakrishnan','venkat.ramkrishnan@compassitesinc.com','$2y$10$kGgZejnsLh/iNc1Obf4d.eUH/D8bO9mDo9bH8uf4LZuFVZX9Cpv..',NULL,'2016-03-04 04:48:10','2016-03-04 04:48:10',1,1,'CE598',NULL,NULL,1,NULL),(70,'Vijaya Kumar Kakarla ','vijay.kakarla@compassitesinc.com','$2y$10$kGgZejnsLh/iNc1Obf4d.eUH/D8bO9mDo9bH8uf4LZuFVZX9Cpv..',NULL,'2016-03-04 04:48:10','2016-03-04 04:48:10',18,1,'CE599',NULL,NULL,1,NULL),(71,'Hannan Shaik','hannan.shaik@compassitesinc.com','$2y$10$mxjChrx5E2k25ei1aufHpeGv4I2oM/4gwYe3UcuDAsIzBwLLihPkG',NULL,'2016-03-04 04:48:10','2016-07-12 14:42:47',20,1,'CE305',NULL,NULL,1,NULL),(72,'Aditya Kulkarni','aditya.kulkarni@compassitesinc.com','$2y$10$kGgZejnsLh/iNc1Obf4d.eUH/D8bO9mDo9bH8uf4LZuFVZX9Cpv..',NULL,'2016-03-04 04:48:10','2016-03-04 04:48:10',39,193,'CE381',NULL,NULL,1,NULL),(73,'Shankar K','shankar.k@compassitesinc.com','$2y$10$kGgZejnsLh/iNc1Obf4d.eUH/D8bO9mDo9bH8uf4LZuFVZX9Cpv..',NULL,'2016-03-04 04:48:10','2016-03-04 04:48:10',39,71,'CE383',NULL,NULL,1,NULL),(74,'Santhosh Kumar Settu','santhosh.settu@compassitesinc.com','$2y$10$kGgZejnsLh/iNc1Obf4d.eUH/D8bO9mDo9bH8uf4LZuFVZX9Cpv..',NULL,'2016-03-04 04:48:10','2016-03-04 04:48:10',42,71,'CE392',NULL,NULL,1,NULL),(75,'Venkatesh Murthy T P','venkatesh.murthy@compassitesinc.com','$2y$10$kGgZejnsLh/iNc1Obf4d.eUH/D8bO9mDo9bH8uf4LZuFVZX9Cpv..',NULL,'2016-03-04 04:48:10','2016-03-04 04:48:10',42,71,'CE395',NULL,NULL,1,NULL),(76,'Shushrut S Deshpande','shushrut.d@compassitesinc.com','$2y$10$kGgZejnsLh/iNc1Obf4d.eUH/D8bO9mDo9bH8uf4LZuFVZX9Cpv..',NULL,'2016-03-04 04:48:10','2016-03-04 04:48:10',42,71,'CE411',NULL,NULL,1,NULL),(77,'Naveenraj Xavier','naveen.xavier@compassitesinc.com','$2y$10$kGgZejnsLh/iNc1Obf4d.eUH/D8bO9mDo9bH8uf4LZuFVZX9Cpv..',NULL,'2016-03-04 04:48:10','2016-03-04 04:48:10',42,71,'CE467',NULL,NULL,1,NULL),(78,'Harshitha Javregowda','harshitha.hj@compassitesinc.com','$2y$10$kGgZejnsLh/iNc1Obf4d.eUH/D8bO9mDo9bH8uf4LZuFVZX9Cpv..',NULL,'2016-03-04 04:48:10','2016-03-04 04:48:10',39,71,'CE469',NULL,NULL,1,NULL),(79,'Radhakrishnan S ','radhakrishnan.s@compassitesinc.com','$2y$10$kGgZejnsLh/iNc1Obf4d.eUH/D8bO9mDo9bH8uf4LZuFVZX9Cpv..','WXr4gsLjiDfshyu2Cxi4YYbD3HBFG6nFh2ygnP3JSIrE6U4mU2MQBV31835q','2016-03-04 04:48:10','2016-07-12 14:53:37',39,71,'CE473',NULL,NULL,1,NULL),(80,'Arunkrishna K','arunkrishna.k@compassitesinc.com','$2y$10$kGgZejnsLh/iNc1Obf4d.eUH/D8bO9mDo9bH8uf4LZuFVZX9Cpv..',NULL,'2016-03-04 04:48:10','2016-03-04 04:48:10',39,71,'CE517',NULL,NULL,1,NULL),(81,'Shaik Atif','shaik.atif@compassitesinc.com','$2y$10$kGgZejnsLh/iNc1Obf4d.eUH/D8bO9mDo9bH8uf4LZuFVZX9Cpv..',NULL,'2016-03-04 04:48:10','2016-03-04 04:48:10',5,71,'CE538',NULL,NULL,1,NULL),(82,'Prashantraj S Hongal','prashantraj.hongal@compassitesinc.com','$2y$10$kGgZejnsLh/iNc1Obf4d.eUH/D8bO9mDo9bH8uf4LZuFVZX9Cpv..',NULL,'2016-03-04 04:48:10','2016-03-04 04:48:10',42,193,'CE542',NULL,NULL,1,NULL),(83,'Hemanth Kumar H D','hemanth.kumar@compassitesinc.com','$2y$10$kGgZejnsLh/iNc1Obf4d.eUH/D8bO9mDo9bH8uf4LZuFVZX9Cpv..',NULL,'2016-03-04 04:48:10','2016-03-04 04:48:10',42,193,'CE547',NULL,NULL,1,NULL),(84,'Medicharla Durga Prasad','durga.p@compassitesinc.com','$2y$10$kGgZejnsLh/iNc1Obf4d.eUH/D8bO9mDo9bH8uf4LZuFVZX9Cpv..',NULL,'2016-03-04 04:48:10','2016-03-04 04:48:10',42,71,'CE549',NULL,NULL,1,NULL),(85,'Saruchi','saruchi.h@compassitesinc.com','$2y$10$kGgZejnsLh/iNc1Obf4d.eUH/D8bO9mDo9bH8uf4LZuFVZX9Cpv..',NULL,'2016-03-04 04:48:10','2016-03-04 04:48:10',42,71,'CE554',NULL,NULL,1,NULL),(86,'Adarsha Nayak V','adarsha.nayak@compassitesinc.com','$2y$10$kGgZejnsLh/iNc1Obf4d.eUH/D8bO9mDo9bH8uf4LZuFVZX9Cpv..',NULL,'2016-03-04 04:48:10','2016-03-04 04:48:10',39,71,'CE603',NULL,NULL,1,NULL),(87,'Shruti Garg','shruti.garg@compassitesinc.com','$2y$10$kGgZejnsLh/iNc1Obf4d.eUH/D8bO9mDo9bH8uf4LZuFVZX9Cpv..',NULL,'2016-03-04 04:48:10','2016-03-04 04:48:10',42,71,'CE615',NULL,NULL,1,NULL),(88,'Shivam Chopra','shivam.chopra@compassitesinc.com','$2y$10$kGgZejnsLh/iNc1Obf4d.eUH/D8bO9mDo9bH8uf4LZuFVZX9Cpv..',NULL,'2016-03-04 04:48:10','2016-03-04 04:48:10',42,71,'CE630',NULL,NULL,1,NULL),(89,'Abhimanyu Kumar Chauhan','abhimanyu.kumar@compassitesinc.com','$2y$10$kGgZejnsLh/iNc1Obf4d.eUH/D8bO9mDo9bH8uf4LZuFVZX9Cpv..',NULL,'2016-03-04 04:48:10','2016-03-04 04:48:10',42,71,'CE367',NULL,NULL,1,NULL),(90,'Sakshi Jain','sakshi.jain@compassitesinc.com','$2y$10$kGgZejnsLh/iNc1Obf4d.eUH/D8bO9mDo9bH8uf4LZuFVZX9Cpv..',NULL,'2016-03-04 04:48:10','2016-03-04 04:48:10',39,71,'CE442',NULL,NULL,1,NULL),(91,'Keerthi Chinivar','keerthi.chinivar@compassitesinc.com','$2y$10$kGgZejnsLh/iNc1Obf4d.eUH/D8bO9mDo9bH8uf4LZuFVZX9Cpv..',NULL,'2016-03-04 04:48:10','2016-03-04 04:48:10',39,71,'CE444',NULL,NULL,1,NULL),(92,'Puneeth K B','puneeth.kb@compassitesinc.com','$2y$10$kGgZejnsLh/iNc1Obf4d.eUH/D8bO9mDo9bH8uf4LZuFVZX9Cpv..',NULL,'2016-03-04 04:48:10','2016-03-04 04:48:10',5,71,'CE447',NULL,NULL,1,NULL),(93,'Vijaykumar Patil','vijaykumar.patil@compassitesinc.com','$2y$10$kGgZejnsLh/iNc1Obf4d.eUH/D8bO9mDo9bH8uf4LZuFVZX9Cpv..',NULL,'2016-03-04 04:48:10','2016-03-04 04:48:10',39,71,'CE462',NULL,NULL,1,NULL),(94,'Nitesh Kant Mishra','nitesh.mishra@compassitesinc.com','$2y$10$kGgZejnsLh/iNc1Obf4d.eUH/D8bO9mDo9bH8uf4LZuFVZX9Cpv..',NULL,'2016-03-04 04:48:10','2016-03-04 04:48:10',42,71,'CE463',NULL,NULL,1,NULL),(95,'Keerthi Polepalle','keerthi.p@compassitesinc.com','$2y$10$kGgZejnsLh/iNc1Obf4d.eUH/D8bO9mDo9bH8uf4LZuFVZX9Cpv..',NULL,'2016-03-04 04:48:10','2016-03-04 04:48:10',42,71,'CE565',NULL,NULL,1,NULL),(96,'Prasanna Chitnis','prasanna.chitnis@compassitesinc.com','$2y$10$kGgZejnsLh/iNc1Obf4d.eUH/D8bO9mDo9bH8uf4LZuFVZX9Cpv..',NULL,'2016-03-04 04:48:10','2016-03-04 04:48:10',39,71,'CE429',NULL,NULL,1,NULL),(97,'Deepak Mitra','deepak.mitra@compassitesinc.com','$2y$10$kGgZejnsLh/iNc1Obf4d.eUH/D8bO9mDo9bH8uf4LZuFVZX9Cpv..',NULL,'2016-03-04 04:48:10','2016-03-04 04:48:10',42,71,'CE439',NULL,NULL,1,NULL),(98,'Manjula C','manjula.reddy@compassitesinc.com','$2y$10$kGgZejnsLh/iNc1Obf4d.eUH/D8bO9mDo9bH8uf4LZuFVZX9Cpv..',NULL,'2016-03-04 04:48:10','2016-03-04 04:48:10',37,1,'CE017',NULL,NULL,1,NULL),(99,'Satish Daniel','Satish.Daniel@compassitesinc.com','$2y$10$kGgZejnsLh/iNc1Obf4d.eUH/D8bO9mDo9bH8uf4LZuFVZX9Cpv..',NULL,'2016-03-04 04:48:10','2016-03-04 04:48:10',19,98,'CE248',NULL,NULL,1,NULL),(100,'Richard N','richard@compassitesinc.com','$2y$10$kGgZejnsLh/iNc1Obf4d.eUH/D8bO9mDo9bH8uf4LZuFVZX9Cpv..',NULL,'2016-03-04 04:48:10','2016-03-04 04:48:10',35,98,'CE577',NULL,NULL,1,NULL),(101,'Senthilkumar','l.senthilkumar@compassitesinc.com','$2y$10$kGgZejnsLh/iNc1Obf4d.eUH/D8bO9mDo9bH8uf4LZuFVZX9Cpv..',NULL,'2016-03-04 04:48:10','2016-03-04 04:48:10',45,102,'CE163',NULL,NULL,1,NULL),(102,'Arasu B','b.arasu@compassitesinc.com','$2y$10$NsO0qKQ60E88W7k5uQPpcOXajtP6b4WD2e0Q.j2HQ.2veorMZdFDa','dEwCEzPfXybXXuRTgBzxpVb85cjNC2XmxVQaOJq8ObVeOj2cXbbtXVW6HMS1','2016-03-04 04:48:10','2016-07-12 15:14:52',20,1,'CE177',NULL,NULL,1,NULL),(103,'Shanmuga Prabu','shanmuga.prabu@compassitesinc.com','$2y$10$kGgZejnsLh/iNc1Obf4d.eUH/D8bO9mDo9bH8uf4LZuFVZX9Cpv..',NULL,'2016-03-04 04:48:10','2016-03-04 04:48:10',45,102,'CE209',NULL,NULL,1,NULL),(104,'Kumanan. C','c.kumanan@compassitesinc.com','$2y$10$kGgZejnsLh/iNc1Obf4d.eUH/D8bO9mDo9bH8uf4LZuFVZX9Cpv..',NULL,'2016-03-04 04:48:10','2016-03-04 04:48:10',39,103,'CE217',NULL,NULL,1,NULL),(105,'R Seenivasan','seenivasan.r@compassitesinc.com','$2y$10$kGgZejnsLh/iNc1Obf4d.eUH/D8bO9mDo9bH8uf4LZuFVZX9Cpv..',NULL,'2016-03-04 04:48:10','2016-03-04 04:48:10',42,101,'CE321',NULL,NULL,1,NULL),(106,'P Subramania Bharathy','subramania.bharathy@compassitesinc.com','$2y$10$kGgZejnsLh/iNc1Obf4d.eUH/D8bO9mDo9bH8uf4LZuFVZX9Cpv..',NULL,'2016-03-04 04:48:10','2016-03-04 04:48:10',45,101,'CE325',NULL,NULL,1,NULL),(107,'Jeevan  N','jeevan.nazar@compassitesinc.com','$2y$10$kGgZejnsLh/iNc1Obf4d.eUH/D8bO9mDo9bH8uf4LZuFVZX9Cpv..',NULL,'2016-03-04 04:48:10','2016-03-04 04:48:10',39,101,'CE339',NULL,NULL,1,NULL),(108,'Vipin P S','vipin.ps@compassitesinc.com','$2y$10$kGgZejnsLh/iNc1Obf4d.eUH/D8bO9mDo9bH8uf4LZuFVZX9Cpv..',NULL,'2016-03-04 04:48:10','2016-03-04 04:48:10',42,101,'CE365',NULL,NULL,1,NULL),(109,'Manjunath A','manjunath.a@compassitesinc.com','$2y$10$kGgZejnsLh/iNc1Obf4d.eUH/D8bO9mDo9bH8uf4LZuFVZX9Cpv..',NULL,'2016-03-04 04:48:10','2016-03-04 04:48:10',5,103,'CE372',NULL,NULL,1,NULL),(110,'Roopa J','roopa.j@compassitesinc.com','$2y$10$kGgZejnsLh/iNc1Obf4d.eUH/D8bO9mDo9bH8uf4LZuFVZX9Cpv..',NULL,'2016-03-04 04:48:10','2016-03-04 04:48:10',5,101,'CE373',NULL,NULL,1,NULL),(111,'Balram Chauhan','balram.chauhan@compassitesinc.com','$2y$10$kGgZejnsLh/iNc1Obf4d.eUH/D8bO9mDo9bH8uf4LZuFVZX9Cpv..',NULL,'2016-03-04 04:48:10','2016-03-04 04:48:10',42,102,'CE380',NULL,NULL,1,NULL),(112,'Kunal Mangaraj','kunal.mangaraj@compassitesinc.com','$2y$10$kGgZejnsLh/iNc1Obf4d.eUH/D8bO9mDo9bH8uf4LZuFVZX9Cpv..',NULL,'2016-03-04 04:48:10','2016-03-04 04:48:10',39,103,'CE382',NULL,NULL,1,NULL),(113,'Mahesh P S','mahesh.p@compassitesinc.com','$2y$10$kGgZejnsLh/iNc1Obf4d.eUH/D8bO9mDo9bH8uf4LZuFVZX9Cpv..',NULL,'2016-03-04 04:48:10','2016-03-04 04:48:10',42,101,'CE398',NULL,NULL,1,NULL),(114,'Gulmohar Bhagwat Sontakke','gulmohar.s@compassitesinc.com','$2y$10$kGgZejnsLh/iNc1Obf4d.eUH/D8bO9mDo9bH8uf4LZuFVZX9Cpv..',NULL,'2016-03-04 04:48:10','2016-03-04 04:48:10',39,102,'CE399',NULL,NULL,1,NULL),(115,'Rajesh Kumar','kumar.rajesh@compassitesinc.com','$2y$10$kGgZejnsLh/iNc1Obf4d.eUH/D8bO9mDo9bH8uf4LZuFVZX9Cpv..',NULL,'2016-03-04 04:48:10','2016-03-04 04:48:10',42,102,'CE407',NULL,NULL,1,NULL),(116,'Rohini Kannan','rohini.k@compassitesinc.com','$2y$10$kGgZejnsLh/iNc1Obf4d.eUH/D8bO9mDo9bH8uf4LZuFVZX9Cpv..',NULL,'2016-03-04 04:48:10','2016-03-04 04:48:10',5,103,'CE417',NULL,NULL,1,NULL),(117,'Suresh V','suresh.v@compassitesinc.com','$2y$10$kGgZejnsLh/iNc1Obf4d.eUH/D8bO9mDo9bH8uf4LZuFVZX9Cpv..',NULL,'2016-03-04 04:48:10','2016-03-04 04:48:10',42,118,'CE421',NULL,NULL,1,NULL),(118,'Isaac Raja Gopal','isaac.raja@compassitesinc.com','$2y$10$kGgZejnsLh/iNc1Obf4d.eUH/D8bO9mDo9bH8uf4LZuFVZX9Cpv..',NULL,'2016-03-04 04:48:10','2016-03-04 04:48:10',45,102,'CE451',NULL,NULL,1,NULL),(119,'Krishna Kumar R','Krishnakumar.R@compassitesinc.com','$2y$10$kGgZejnsLh/iNc1Obf4d.eUH/D8bO9mDo9bH8uf4LZuFVZX9Cpv..',NULL,'2016-03-04 04:48:10','2016-03-04 04:48:10',42,103,'CE479',NULL,NULL,1,NULL),(120,'Engit Prabhat','engit.prabhat@compassitesinc.com','$2y$10$kGgZejnsLh/iNc1Obf4d.eUH/D8bO9mDo9bH8uf4LZuFVZX9Cpv..',NULL,'2016-03-04 04:48:10','2016-03-04 04:48:10',42,118,'CE501',NULL,NULL,1,NULL),(121,'Jithin Jose','jithin.jose@compassitesinc.com','$2y$10$kGgZejnsLh/iNc1Obf4d.eUH/D8bO9mDo9bH8uf4LZuFVZX9Cpv..',NULL,'2016-03-04 04:48:10','2016-03-04 04:48:10',42,101,'CE507',NULL,NULL,1,NULL),(122,'K Jithin Babu ','jithin.k@compassitesinc.com','$2y$10$kGgZejnsLh/iNc1Obf4d.eUH/D8bO9mDo9bH8uf4LZuFVZX9Cpv..',NULL,'2016-03-04 04:48:10','2016-03-04 04:48:10',8,101,'CE522',NULL,NULL,1,NULL),(123,'Lavannya Muthuperumal','lavannya.m@compassitesinc.com','$2y$10$kGgZejnsLh/iNc1Obf4d.eUH/D8bO9mDo9bH8uf4LZuFVZX9Cpv..','T9o8DJeOO7m7llE1g0NOi1nViqSHUKeCGC1G6SUvhR5eGwmnZFQZxMxgYY8w','2016-03-04 04:48:10','2016-07-12 15:12:01',5,103,'CE543',NULL,NULL,1,NULL),(124,'Dada Khalender M','khalender.m@compassitesinc.com','$2y$10$kGgZejnsLh/iNc1Obf4d.eUH/D8bO9mDo9bH8uf4LZuFVZX9Cpv..',NULL,'2016-03-04 04:48:10','2016-03-04 04:48:10',42,103,'CE551',NULL,NULL,1,NULL),(125,'Devi.P','devi.p@compassitesinc.com','$2y$10$kGgZejnsLh/iNc1Obf4d.eUH/D8bO9mDo9bH8uf4LZuFVZX9Cpv..',NULL,'2016-03-04 04:48:10','2016-03-04 04:48:10',42,101,'CE555',NULL,NULL,1,NULL),(126,'Amruthesh R','amruthesh.r@compassitesinc.com','$2y$10$kGgZejnsLh/iNc1Obf4d.eUH/D8bO9mDo9bH8uf4LZuFVZX9Cpv..',NULL,'2016-03-04 04:48:10','2016-03-04 04:48:10',5,118,'CE563',NULL,NULL,1,NULL),(127,'Elangovan S','elangovan.s@compassitesinc.com','$2y$10$kGgZejnsLh/iNc1Obf4d.eUH/D8bO9mDo9bH8uf4LZuFVZX9Cpv..',NULL,'2016-03-04 04:48:10','2016-03-04 04:48:10',39,118,'CE581',NULL,NULL,1,NULL),(128,'Gowtham Chandran T','Gowtham.c@compassitesinc.com','$2y$10$kGgZejnsLh/iNc1Obf4d.eUH/D8bO9mDo9bH8uf4LZuFVZX9Cpv..',NULL,'2016-03-04 04:48:10','2016-03-04 04:48:10',11,102,'CE597',NULL,NULL,1,NULL),(129,'Suresh N','suresh.n@compassitesinc.com','$2y$10$kGgZejnsLh/iNc1Obf4d.eUH/D8bO9mDo9bH8uf4LZuFVZX9Cpv..',NULL,'2016-03-04 04:48:10','2016-03-04 04:48:10',42,118,'CE600',NULL,NULL,1,NULL),(130,'Shanmugam R','shanmugam.r@compassitesinc.com','$2y$10$kGgZejnsLh/iNc1Obf4d.eUH/D8bO9mDo9bH8uf4LZuFVZX9Cpv..',NULL,'2016-03-04 04:48:10','2016-03-04 04:48:10',42,118,'CE609',NULL,NULL,1,NULL),(131,'Manjunath Muniraju','manjunath.muniraju@compassitesinc.com','$2y$10$kGgZejnsLh/iNc1Obf4d.eUH/D8bO9mDo9bH8uf4LZuFVZX9Cpv..',NULL,'2016-03-04 04:48:10','2016-03-04 04:48:10',5,103,'CE613',NULL,NULL,1,NULL),(132,'Shine Mon S.S','shine.ss@compassitesinc.com','$2y$10$kGgZejnsLh/iNc1Obf4d.eUH/D8bO9mDo9bH8uf4LZuFVZX9Cpv..',NULL,'2016-03-04 04:48:10','2016-03-04 04:48:10',44,118,'CE617',NULL,NULL,1,NULL),(133,'Poovannan M','poovannan.m@compassitesinc.com','$2y$10$kGgZejnsLh/iNc1Obf4d.eUH/D8bO9mDo9bH8uf4LZuFVZX9Cpv..',NULL,'2016-03-04 04:48:10','2016-03-04 04:48:10',45,118,'CE631',NULL,NULL,1,NULL),(134,'Prakash Ballakoor','prakash.ballakoor@compassitesinc.com','$2y$10$Orb/MQYKh41u4Q5gvt/0Z.S4PEhvLPS2ZSNKg/w8VcOtUh.0GKZXm',NULL,'2016-03-04 04:48:10','2016-07-12 14:44:56',38,137,'CE089',NULL,NULL,1,NULL),(135,'Sanjay P A','sanjay.pa@compassitesinc.com','$2y$10$35Ge4Wp66oST21XM42HZxOpRtglbCq3ymsk5MkLV2H602vsYphssm',NULL,'2016-03-04 04:48:10','2016-07-12 14:46:31',4,137,'CE308',NULL,NULL,1,NULL),(136,'Vineet Vilas Kulkarni','vineet.kulkarni@compassitesinc.com','$2y$10$KqvI6V9Gu4Dc1bSw7ABjCuqq3LpBg/8ul3./Cu3AK1lXmFZkkLoEe',NULL,'2016-03-04 04:48:10','2016-07-12 14:45:53',22,137,'CE310',NULL,NULL,1,NULL),(137,'Chandrima Choudhury','chandrima.choudhury@compassitesinc.com','$2y$10$ogTnhCnV.U6MjhagQtExauH3J5YFVD0H8XISEkRc45aBSU1sES8kq',NULL,'2016-03-04 04:48:10','2016-07-12 14:45:12',38,1,'CE406',NULL,NULL,1,NULL),(138,'Milan Laji Daniel','milan.daniel@compassitesinc.com','$2y$10$htnOYDxDVrFrMPR.k8HhWeuRhr3xKXgw1kzYEMd3ok0wUw.hoQX92',NULL,'2016-03-04 04:48:10','2016-07-12 14:46:04',22,137,'CE413',NULL,NULL,1,NULL),(139,'Chetan Banandur Kempaiah','chetan.bk@compassitesinc.com','$2y$10$OA7vkDB7tVLxXdip2GJx.O2pww3AdPlwkMeeFqQsCBTksu0pAyUMG',NULL,'2016-03-04 04:48:10','2016-07-12 14:46:16',22,137,'CE415',NULL,NULL,1,NULL),(140,'Rakhi Chatterjee','rakhi.chatterjee@compassitesinc.com','$2y$10$3meTX4AyCACGC52Ypq7mUO0z7OwrSh3djbpbvi.d394G8zWwX/RZ6',NULL,'2016-03-04 04:48:10','2016-07-12 14:47:08',22,137,'CE435',NULL,NULL,1,NULL),(141,'Deepashri J','deepashri.j@compassitesinc.com','$2y$10$185s/fNVA0WtYGX2wYAHUusKnrGCkJaQnWXsKg5hwJANpxfero/ru',NULL,'2016-03-04 04:48:10','2016-07-12 14:46:56',4,137,'CE445',NULL,NULL,1,NULL),(142,'P R Subba Rao','subbarao.pr@compassitesinc.com','$2y$10$bWvNAP5yfny1k.203domM.nJr9uBbi7xpUD1IS015/NaXtIG6pjEe',NULL,'2016-03-04 04:48:10','2016-07-12 14:45:24',38,137,'CE488',NULL,NULL,1,NULL),(143,'Mohammed Aleem','mohammed.aleem@compassitesinc.com ','$2y$10$kGgZejnsLh/iNc1Obf4d.eUH/D8bO9mDo9bH8uf4LZuFVZX9Cpv..',NULL,'2016-03-04 04:48:10','2016-03-04 04:48:10',22,137,'CE540',NULL,NULL,1,NULL),(144,'Vivek Narasimha Baliga','vivek.baliga@compassitesinc.com','$2y$10$GtaryxGvayBWA5glTFa7QuWTlB7zOugsk7XkZApldQ6Ug1UJDLjIm','VCMt0ojhOd2AtrhvK4ymwhYCipGxJl3QxJCmh4VwUPDVLazMYorIW3AaEqyr','2016-03-04 04:48:10','2016-07-12 15:14:00',38,137,'CE582',NULL,NULL,1,NULL),(145,'Sumit Pagey','sumit.pagey@compassitesinc.com','$2y$10$kGgZejnsLh/iNc1Obf4d.eUH/D8bO9mDo9bH8uf4LZuFVZX9Cpv..',NULL,'2016-03-04 04:48:10','2016-03-04 04:48:10',21,1,'CE390',NULL,NULL,1,NULL),(146,'Vijendra M Aithal','vijendra.aithal@compassitesinc.com','$2y$10$axd4DwVueiR6adGPqS43OOqx32P5U1N/Yobg1CKH6SOqGmgmB59F6',NULL,'2016-03-04 04:48:10','2016-07-12 14:42:04',20,1,'CE188',NULL,NULL,1,NULL),(147,'Shivam Mishra','shivam.mishra@compassitesinc.com','$2y$10$kGgZejnsLh/iNc1Obf4d.eUH/D8bO9mDo9bH8uf4LZuFVZX9Cpv..',NULL,'2016-03-04 04:48:10','2016-03-04 04:48:10',46,146,'CE312',NULL,NULL,1,NULL),(148,'Sindhu Namithesh Nair','sindhu.nair@compassitesinc.com','$2y$10$kGgZejnsLh/iNc1Obf4d.eUH/D8bO9mDo9bH8uf4LZuFVZX9Cpv..',NULL,'2016-03-04 04:48:10','2016-03-04 04:48:10',40,146,'CE320',NULL,NULL,1,NULL),(149,'Shantha Lakshmi','shantha.lakshmi@compassitesinc.com','$2y$10$kGgZejnsLh/iNc1Obf4d.eUH/D8bO9mDo9bH8uf4LZuFVZX9Cpv..',NULL,'2016-03-04 04:48:10','2016-03-04 04:48:10',47,146,'CE324',NULL,NULL,1,NULL),(150,'A G Saraschandra','sarath.ag@compassitesinc.com','$2y$10$kGgZejnsLh/iNc1Obf4d.eUH/D8bO9mDo9bH8uf4LZuFVZX9Cpv..',NULL,'2016-03-04 04:48:10','2016-03-04 04:48:10',40,146,'CE327',NULL,NULL,1,NULL),(151,'K Jhansi Lakshmi Bai','lakshmi.bai@compassitesinc.com','$2y$10$kGgZejnsLh/iNc1Obf4d.eUH/D8bO9mDo9bH8uf4LZuFVZX9Cpv..',NULL,'2016-03-04 04:48:10','2016-03-04 04:48:10',47,146,'CE329',NULL,NULL,1,NULL),(152,'Prithvi Raj M','prithvi.raj@compassitesinc.com','$2y$10$kGgZejnsLh/iNc1Obf4d.eUH/D8bO9mDo9bH8uf4LZuFVZX9Cpv..',NULL,'2016-03-04 04:48:10','2016-03-04 04:48:10',46,146,'CE341',NULL,NULL,1,NULL),(153,'Shilpee Naik','shilpee.naik@compassitesinc.com','$2y$10$kGgZejnsLh/iNc1Obf4d.eUH/D8bO9mDo9bH8uf4LZuFVZX9Cpv..',NULL,'2016-03-04 04:48:10','2016-03-04 04:48:10',6,146,'CE343',NULL,NULL,1,NULL),(154,'Karabasappa  Patil','karabasappa.patil@compassitesinc.com','$2y$10$kGgZejnsLh/iNc1Obf4d.eUH/D8bO9mDo9bH8uf4LZuFVZX9Cpv..',NULL,'2016-03-04 04:48:10','2016-03-04 04:48:10',47,146,'CE346',NULL,NULL,1,NULL),(155,'Shikha Nogaja','shikha.nogaja@compassitesinc.com','$2y$10$kGgZejnsLh/iNc1Obf4d.eUH/D8bO9mDo9bH8uf4LZuFVZX9Cpv..',NULL,'2016-03-04 04:48:10','2016-03-04 04:48:10',46,146,'CE357',NULL,NULL,1,NULL),(156,'Sanjeeva Kumar Methre','sanjeeva.methre@compassitesinc.com','$2y$10$kGgZejnsLh/iNc1Obf4d.eUH/D8bO9mDo9bH8uf4LZuFVZX9Cpv..',NULL,'2016-03-04 04:48:10','2016-03-04 04:48:10',40,146,'CE362',NULL,NULL,1,NULL),(157,'Janakirama Nettar','janakirama.nettar@compassitesinc.com','$2y$10$kGgZejnsLh/iNc1Obf4d.eUH/D8bO9mDo9bH8uf4LZuFVZX9Cpv..',NULL,'2016-03-04 04:48:10','2016-03-04 04:48:10',47,146,'CE364',NULL,NULL,1,NULL),(158,'Raghunandan J K','raghunandan.jk@compassitesinc.com','$2y$10$kGgZejnsLh/iNc1Obf4d.eUH/D8bO9mDo9bH8uf4LZuFVZX9Cpv..',NULL,'2016-03-04 04:48:10','2016-03-04 04:48:10',47,146,'CE427',NULL,NULL,1,NULL),(159,'Rachana Upadhya','rachana.u@compassitesinc.com','$2y$10$kGgZejnsLh/iNc1Obf4d.eUH/D8bO9mDo9bH8uf4LZuFVZX9Cpv..',NULL,'2016-03-04 04:48:10','2016-03-04 04:48:10',46,146,'CE428',NULL,NULL,1,NULL),(160,'Pallavi Kumari','pallavi.kumari@compassitesinc.com','$2y$10$kGgZejnsLh/iNc1Obf4d.eUH/D8bO9mDo9bH8uf4LZuFVZX9Cpv..',NULL,'2016-03-04 04:48:10','2016-03-04 04:48:10',47,146,'CE431',NULL,NULL,1,NULL),(161,'Mandeep B K','mandeep.bk@compassitesinc.com','$2y$10$kGgZejnsLh/iNc1Obf4d.eUH/D8bO9mDo9bH8uf4LZuFVZX9Cpv..',NULL,'2016-03-04 04:48:10','2016-03-04 04:48:10',46,146,'CE434',NULL,NULL,1,NULL),(162,'Vikshep Kumar Singh','vikshep.singh@compassitesinc.com','$2y$10$kGgZejnsLh/iNc1Obf4d.eUH/D8bO9mDo9bH8uf4LZuFVZX9Cpv..',NULL,'2016-03-04 04:48:10','2016-03-04 04:48:10',47,146,'CE449',NULL,NULL,1,NULL),(163,'Eldho Peter','eldho.peter@compassitesinc.com','$2y$10$kGgZejnsLh/iNc1Obf4d.eUH/D8bO9mDo9bH8uf4LZuFVZX9Cpv..',NULL,'2016-03-04 04:48:10','2016-03-04 04:48:10',40,146,'CE470',NULL,NULL,1,NULL),(164,'Amit Singh','amit.singh@compassitesinc.com ','$2y$10$kGgZejnsLh/iNc1Obf4d.eUH/D8bO9mDo9bH8uf4LZuFVZX9Cpv..',NULL,'2016-03-04 04:48:10','2016-03-04 04:48:10',46,146,'CE480',NULL,NULL,1,NULL),(165,'Aradhana Malli','aradhana.malli@compassitesinc.com','$2y$10$kGgZejnsLh/iNc1Obf4d.eUH/D8bO9mDo9bH8uf4LZuFVZX9Cpv..',NULL,'2016-03-04 04:48:10','2016-03-04 04:48:10',46,146,'CE490',NULL,NULL,1,NULL),(166,'Chandra Poojari N','chandrapoojari@compassitesinc.com','$2y$10$kGgZejnsLh/iNc1Obf4d.eUH/D8bO9mDo9bH8uf4LZuFVZX9Cpv..',NULL,'2016-03-04 04:48:10','2016-03-04 04:48:10',40,146,'CE493',NULL,NULL,1,NULL),(167,'Avinash Penugonda','avinash.penugonda@compassitesinc.com','$2y$10$kGgZejnsLh/iNc1Obf4d.eUH/D8bO9mDo9bH8uf4LZuFVZX9Cpv..',NULL,'2016-03-04 04:48:10','2016-03-04 04:48:10',40,146,'CE497',NULL,NULL,1,NULL),(168,'Pavan Kumar DS','pavankumar.ds@compassitesinc.com','$2y$10$kGgZejnsLh/iNc1Obf4d.eUH/D8bO9mDo9bH8uf4LZuFVZX9Cpv..',NULL,'2016-03-04 04:48:10','2016-03-04 04:48:10',40,146,'CE502',NULL,NULL,1,NULL),(169,'Suyamindra G Chebbi','suyamindra.chebbi@compassitesinc.com','$2y$10$kGgZejnsLh/iNc1Obf4d.eUH/D8bO9mDo9bH8uf4LZuFVZX9Cpv..',NULL,'2016-03-04 04:48:10','2016-03-04 04:48:10',40,146,'CE503',NULL,NULL,1,NULL),(170,'Abhishek Kumar','abhishek.kumar@compassitesinc.com','$2y$10$kGgZejnsLh/iNc1Obf4d.eUH/D8bO9mDo9bH8uf4LZuFVZX9Cpv..',NULL,'2016-03-04 04:48:10','2016-03-04 04:48:10',40,146,'CE512',NULL,NULL,1,NULL),(171,'Vamsi Bevara','vamsi.bevara@compassitesinc.com','$2y$10$kGgZejnsLh/iNc1Obf4d.eUH/D8bO9mDo9bH8uf4LZuFVZX9Cpv..',NULL,'2016-03-04 04:48:10','2016-03-04 04:48:10',46,146,'CE515',NULL,NULL,1,NULL),(172,'Swati J Pawaskar','swati.pawaskar@compassitesinc.com','$2y$10$kGgZejnsLh/iNc1Obf4d.eUH/D8bO9mDo9bH8uf4LZuFVZX9Cpv..',NULL,'2016-03-04 04:48:10','2016-03-04 04:48:10',6,146,'CE520',NULL,NULL,1,NULL),(173,'Tejaswini K P','tejaswini.k@compassitesinc.com','$2y$10$kGgZejnsLh/iNc1Obf4d.eUH/D8bO9mDo9bH8uf4LZuFVZX9Cpv..',NULL,'2016-03-04 04:48:10','2016-03-04 04:48:10',6,146,'CE521',NULL,NULL,1,NULL),(174,'Jabbar Abdul Rasheed','abdul.rasheed@compassitesinc.com','$2y$10$kGgZejnsLh/iNc1Obf4d.eUH/D8bO9mDo9bH8uf4LZuFVZX9Cpv..',NULL,'2016-03-04 04:48:10','2016-03-04 04:48:10',40,146,'CE527',NULL,NULL,1,NULL),(175,'Pooja Gadekar','pooja.gadekar@compassitesinc.com','$2y$10$kGgZejnsLh/iNc1Obf4d.eUH/D8bO9mDo9bH8uf4LZuFVZX9Cpv..',NULL,'2016-03-04 04:48:10','2016-03-04 04:48:10',46,146,'CE533',NULL,NULL,1,NULL),(176,'Lavanya K B','lavanya.k@compassitesinc.com','$2y$10$kGgZejnsLh/iNc1Obf4d.eUH/D8bO9mDo9bH8uf4LZuFVZX9Cpv..',NULL,'2016-03-04 04:48:10','2016-03-04 04:48:10',6,146,'CE535',NULL,NULL,1,NULL),(177,'Vasudendra J','vasudendra.j@compassitesinc.com','$2y$10$kGgZejnsLh/iNc1Obf4d.eUH/D8bO9mDo9bH8uf4LZuFVZX9Cpv..',NULL,'2016-03-04 04:48:10','2016-03-04 04:48:10',6,146,'CE537',NULL,NULL,1,NULL),(178,'Anand T','anand.t@compassitesinc.com','$2y$10$kGgZejnsLh/iNc1Obf4d.eUH/D8bO9mDo9bH8uf4LZuFVZX9Cpv..',NULL,'2016-03-04 04:48:10','2016-03-04 04:48:10',40,146,'CE552',NULL,NULL,1,NULL),(179,'Sangeeta B','sangeetha.b@compassitesinc.com','$2y$10$kGgZejnsLh/iNc1Obf4d.eUH/D8bO9mDo9bH8uf4LZuFVZX9Cpv..',NULL,'2016-03-04 04:48:10','2016-03-04 04:48:10',6,146,'CE567',NULL,NULL,1,NULL),(180,'Rashwin m Segu','rashwin.s@compassitesinc.com','$2y$10$kGgZejnsLh/iNc1Obf4d.eUH/D8bO9mDo9bH8uf4LZuFVZX9Cpv..',NULL,'2016-03-04 04:48:10','2016-03-04 04:48:10',47,146,'CE584',NULL,NULL,1,NULL),(181,'Supriya Umesh Ashrit','supriya@compassitesinc.com','$2y$10$kGgZejnsLh/iNc1Obf4d.eUH/D8bO9mDo9bH8uf4LZuFVZX9Cpv..',NULL,'2016-03-04 04:48:10','2016-03-04 04:48:10',46,146,'CE586',NULL,NULL,1,NULL),(182,'Sagarika Sahoo','sagarika.sahoo@compassitesinc.com','$2y$10$kGgZejnsLh/iNc1Obf4d.eUH/D8bO9mDo9bH8uf4LZuFVZX9Cpv..',NULL,'2016-03-04 04:48:10','2016-03-04 04:48:10',6,146,'CE589',NULL,NULL,1,NULL),(183,'Shilpa V','shilpa.v@compassitesinc.com','$2y$10$kGgZejnsLh/iNc1Obf4d.eUH/D8bO9mDo9bH8uf4LZuFVZX9Cpv..',NULL,'2016-03-04 04:48:10','2016-03-04 04:48:10',6,146,'CE590',NULL,NULL,1,NULL),(184,'Mahesh S Patil','mahesh.sp@compassitesinc.com','$2y$10$kGgZejnsLh/iNc1Obf4d.eUH/D8bO9mDo9bH8uf4LZuFVZX9Cpv..',NULL,'2016-03-04 04:48:10','2016-03-04 04:48:10',40,146,'CE591',NULL,NULL,1,NULL),(185,'Vinutha K','vinutha.k@compassitesinc.com','$2y$10$kGgZejnsLh/iNc1Obf4d.eUH/D8bO9mDo9bH8uf4LZuFVZX9Cpv..',NULL,'2016-03-04 04:48:10','2016-03-04 04:48:10',40,146,'CE601',NULL,NULL,1,NULL),(186,'Madhusmita Bhol','Madhusmita.bhol@compassitesinc.com','$2y$10$kGgZejnsLh/iNc1Obf4d.eUH/D8bO9mDo9bH8uf4LZuFVZX9Cpv..',NULL,'2016-03-04 04:48:10','2016-03-04 04:48:10',23,146,'CE616',NULL,NULL,1,NULL),(187,'Sundeep Dasa','sundeep.dasa@compassitesinc.com','$2y$10$MOpyWC9365IS4Hx0BC8eJODkdbyjpX44/0ZlYzZ0YtLVeS7a8mk8K',NULL,'2016-03-04 04:48:10','2016-07-12 14:41:48',20,1,'CE426',NULL,NULL,1,NULL),(188,'Vivek Rai','rai@compassitesinc.com','$2y$10$kGgZejnsLh/iNc1Obf4d.eUH/D8bO9mDo9bH8uf4LZuFVZX9Cpv..',NULL,'2016-03-04 04:48:10','2016-03-04 04:48:10',27,1,'CE370',NULL,NULL,1,NULL),(189,'Packia Raj A Antony ','packiaraj@compassitesinc.com','$2y$10$kGgZejnsLh/iNc1Obf4d.eUH/D8bO9mDo9bH8uf4LZuFVZX9Cpv..',NULL,'2016-03-04 04:48:10','2016-03-04 04:48:10',27,1,'CE500',NULL,NULL,1,NULL),(190,'BVR Balaji','bvr.balaji@compassitesinc.com','$2y$10$kGgZejnsLh/iNc1Obf4d.eUH/D8bO9mDo9bH8uf4LZuFVZX9Cpv..',NULL,'2016-03-04 04:48:10','2016-03-04 04:48:10',44,1,'CE279',NULL,NULL,1,NULL),(191,'Mihir K Joshi','mihirkumar.joshi@compassitesinc.com','$2y$10$kGgZejnsLh/iNc1Obf4d.eUH/D8bO9mDo9bH8uf4LZuFVZX9Cpv..',NULL,'2016-03-04 04:48:10','2016-03-04 04:48:10',44,1,'CE461',NULL,NULL,1,NULL),(192,'Varun Kumar Chekka','varun.kumar@compassitesinc.com','$2y$10$kGgZejnsLh/iNc1Obf4d.eUH/D8bO9mDo9bH8uf4LZuFVZX9Cpv..',NULL,'2016-03-04 04:48:10','2016-03-04 04:48:10',36,187,'CE378',NULL,NULL,1,NULL),(193,'Savitha Nanjundegowda','savitha.n@compassitesinc.com','$2y$10$kGgZejnsLh/iNc1Obf4d.eUH/D8bO9mDo9bH8uf4LZuFVZX9Cpv..',NULL,'2016-03-04 04:48:10','2016-03-04 04:48:10',2,1,'CE420',NULL,NULL,1,NULL),(194,'Vimala Devi P','vimaladevi.p@compassitesinc.com','$2y$10$kGgZejnsLh/iNc1Obf4d.eUH/D8bO9mDo9bH8uf4LZuFVZX9Cpv..',NULL,'2016-03-04 04:48:10','2016-03-04 04:48:10',43,187,'CE528',NULL,NULL,1,NULL),(195,'Pulakandam Venkatesh','venkatesh.p@compassiteinc.com','$2y$10$kGgZejnsLh/iNc1Obf4d.eUH/D8bO9mDo9bH8uf4LZuFVZX9Cpv..',NULL,'2016-03-04 04:48:10','2016-03-04 04:48:10',12,193,'CE559',NULL,NULL,1,NULL),(196,'Anu Sharma','anu.sharma@compassitesinc.com','$2y$10$kGgZejnsLh/iNc1Obf4d.eUH/D8bO9mDo9bH8uf4LZuFVZX9Cpv..',NULL,'2016-03-04 04:48:10','2016-03-04 04:48:10',12,193,'CE573',NULL,NULL,1,NULL),(197,'Rajendra Shanmuga Shanthi Rama','rajendra.ssr@compassitesinc.com','$2y$10$kGgZejnsLh/iNc1Obf4d.eUH/D8bO9mDo9bH8uf4LZuFVZX9Cpv..',NULL,'2016-03-04 04:48:10','2016-03-04 04:48:10',15,193,'CE583',NULL,NULL,1,NULL),(198,'Divya Kumari K','divya.k@compassitesinc.com','$2y$10$kGgZejnsLh/iNc1Obf4d.eUH/D8bO9mDo9bH8uf4LZuFVZX9Cpv..',NULL,'2016-03-04 04:48:10','2016-03-04 04:48:10',2,187,'CE594',NULL,NULL,1,NULL),(199,'Navitha S','navitha.s@compassitesinc.com','$2y$10$kGgZejnsLh/iNc1Obf4d.eUH/D8bO9mDo9bH8uf4LZuFVZX9Cpv..',NULL,'2016-03-04 04:48:10','2016-03-04 04:48:10',2,187,'CE607',NULL,NULL,1,NULL),(200,'Mani Bharathi R','manibharathi.r@compassitesinc.com','$2y$10$kGgZejnsLh/iNc1Obf4d.eUH/D8bO9mDo9bH8uf4LZuFVZX9Cpv..',NULL,'2016-03-04 04:48:10','2016-03-04 04:48:10',17,202,'CE323',NULL,NULL,1,NULL),(201,'Mohammed  Nadeem','nadeem.m@compassitesinc.com','$2y$10$kGgZejnsLh/iNc1Obf4d.eUH/D8bO9mDo9bH8uf4LZuFVZX9Cpv..',NULL,'2016-03-04 04:48:10','2016-03-04 04:48:10',48,202,'CE342',NULL,NULL,1,NULL),(202,'Pradeep Thoma','pradeep.thoma@compassitesinc.com','$2y$10$QC4aVAqzAoZl3btgAw.iyOoUbXG6bEjccIqdLkSZZgd4GZ00WNmiy',NULL,'2016-03-04 04:48:10','2016-07-12 14:41:29',20,1,'CE361',NULL,NULL,1,NULL),(203,'Nadella Naga Lohith Kumar','lohith.kumar@compassitesinc.com','$2y$10$kGgZejnsLh/iNc1Obf4d.eUH/D8bO9mDo9bH8uf4LZuFVZX9Cpv..',NULL,'2016-03-04 04:48:10','2016-03-04 04:48:10',17,202,'CE388',NULL,NULL,1,NULL),(204,'Saleem U','saleem.u@compassitesinc.com','$2y$10$kGgZejnsLh/iNc1Obf4d.eUH/D8bO9mDo9bH8uf4LZuFVZX9Cpv..',NULL,'2016-03-04 04:48:10','2016-03-04 04:48:10',48,202,'CE414',NULL,NULL,1,NULL),(205,'Chethan J N','chethan.jn@compassitesinc.com','$2y$10$kGgZejnsLh/iNc1Obf4d.eUH/D8bO9mDo9bH8uf4LZuFVZX9Cpv..',NULL,'2016-03-04 04:48:10','2016-03-04 04:48:10',48,202,'CE491',NULL,NULL,1,NULL),(206,'Ramkrishna Reddy Dodda','ramakrishna.reddy@compassitesinc.com','$2y$10$kGgZejnsLh/iNc1Obf4d.eUH/D8bO9mDo9bH8uf4LZuFVZX9Cpv..',NULL,'2016-03-04 04:48:10','2016-03-04 04:48:10',17,202,'CE509',NULL,NULL,1,NULL),(207,'Prakash Kumar','prakash.kumar@compassitesinc.com','$2y$10$kGgZejnsLh/iNc1Obf4d.eUH/D8bO9mDo9bH8uf4LZuFVZX9Cpv..',NULL,'2016-03-04 04:48:10','2016-03-04 04:48:10',17,202,'CE516',NULL,NULL,1,NULL),(208,'Chippala S Sivakumar','chippala.sivakumar@compassitesinc.com','$2y$10$kGgZejnsLh/iNc1Obf4d.eUH/D8bO9mDo9bH8uf4LZuFVZX9Cpv..',NULL,'2016-03-04 04:48:10','2016-03-04 04:48:10',48,202,'CE523',NULL,NULL,1,NULL),(209,'Srinu Podilapu','srinu.podilapu@compassitesinc.com','$2y$10$kGgZejnsLh/iNc1Obf4d.eUH/D8bO9mDo9bH8uf4LZuFVZX9Cpv..',NULL,'2016-03-04 04:48:10','2016-03-04 04:48:10',48,202,'CE524',NULL,NULL,1,NULL),(210,'Manjunath Naik','manjunath.naik@compassitesinc.com','$2y$10$kGgZejnsLh/iNc1Obf4d.eUH/D8bO9mDo9bH8uf4LZuFVZX9Cpv..',NULL,'2016-03-04 04:48:10','2016-03-04 04:48:10',48,202,'CE525',NULL,NULL,1,NULL),(211,'Sangita Kumari','sangita.kumari@compassitesinc.com','$2y$10$kGgZejnsLh/iNc1Obf4d.eUH/D8bO9mDo9bH8uf4LZuFVZX9Cpv..',NULL,'2016-03-04 04:48:10','2016-03-04 04:48:10',5,202,'CE534',NULL,NULL,1,NULL),(212,'Pooja G P','pooja.gp@compassitesinc.com','$2y$10$kGgZejnsLh/iNc1Obf4d.eUH/D8bO9mDo9bH8uf4LZuFVZX9Cpv..',NULL,'2016-03-04 04:48:10','2016-03-04 04:48:10',5,202,'CE536',NULL,NULL,1,NULL),(213,'Shaik Mahaboob Sharief','sharief.sm@compassitesinc.com','$2y$10$kGgZejnsLh/iNc1Obf4d.eUH/D8bO9mDo9bH8uf4LZuFVZX9Cpv..',NULL,'2016-03-04 04:48:10','2016-03-04 04:48:10',42,202,'CE548',NULL,NULL,1,NULL),(214,'Santhosh S','santhosh.s@compassitesinc.com ','$2y$10$kGgZejnsLh/iNc1Obf4d.eUH/D8bO9mDo9bH8uf4LZuFVZX9Cpv..',NULL,'2016-03-04 04:48:10','2016-03-04 04:48:10',5,202,'CE618',NULL,NULL,1,NULL),(215,'Yogeesh S J','yogeesh.sj@compassitesinc.com','$2y$10$kGgZejnsLh/iNc1Obf4d.eUH/D8bO9mDo9bH8uf4LZuFVZX9Cpv..',NULL,'2016-03-04 04:48:10','2016-03-04 04:48:10',42,202,'CE619',NULL,NULL,1,NULL),(216,'Poonam Sharma','Poonam.sharma@compassitesinc.com','$2y$10$kGgZejnsLh/iNc1Obf4d.eUH/D8bO9mDo9bH8uf4LZuFVZX9Cpv..',NULL,'2016-03-04 04:48:10','2016-03-04 04:48:10',42,193,'CE621',NULL,NULL,1,NULL),(217,'Balasubramaniyam Solaimuthu','Balasubramaniyan.s@compassitesinc.com','$2y$10$kGgZejnsLh/iNc1Obf4d.eUH/D8bO9mDo9bH8uf4LZuFVZX9Cpv..',NULL,'2016-03-04 04:48:10','2016-03-04 04:48:10',42,202,'CE624',NULL,NULL,1,NULL),(218,'Ajay Pratap Singh Chauhan','ajay.chauhan@compassitesinc.com','$2y$10$kGgZejnsLh/iNc1Obf4d.eUH/D8bO9mDo9bH8uf4LZuFVZX9Cpv..',NULL,'2016-03-04 04:48:10','2016-03-04 04:48:10',42,202,'CE629',NULL,NULL,1,NULL),(219,'Parag Sarma','parag.sarma@compassitesinc.com','$2y$10$kGgZejnsLh/iNc1Obf4d.eUH/D8bO9mDo9bH8uf4LZuFVZX9Cpv..',NULL,'2016-03-04 04:48:10','2016-03-04 04:48:10',49,220,'CE348',NULL,NULL,1,NULL),(220,'Rajeev Kumar','rajeev.kumar@compassitesinc.com','$2y$10$N2DzfsCd.xn1Djp25VpC9.SK3.EQH0d/Zf20RzWahF8e0pRcp43/y',NULL,'2016-03-04 04:48:10','2016-07-12 14:37:49',20,1,'CE430',NULL,NULL,1,NULL),(221,'Kawarpal Singh Sawhney','kawarpal.singh@compassitesinc.com','$2y$10$kGgZejnsLh/iNc1Obf4d.eUH/D8bO9mDo9bH8uf4LZuFVZX9Cpv..',NULL,'2016-03-04 04:48:10','2016-03-04 04:48:10',42,220,'CE464',NULL,NULL,1,NULL),(222,'Pooja M S','pooja.ms@compassitesinc.com','$2y$10$kGgZejnsLh/iNc1Obf4d.eUH/D8bO9mDo9bH8uf4LZuFVZX9Cpv..',NULL,'2016-03-04 04:48:10','2016-03-04 04:48:10',50,220,'CE545',NULL,NULL,1,NULL),(223,'Vaisakh U S','vaisakh.us@compassitesinc.com','$2y$10$kGgZejnsLh/iNc1Obf4d.eUH/D8bO9mDo9bH8uf4LZuFVZX9Cpv..',NULL,'2016-03-04 04:48:10','2016-03-04 04:48:10',50,220,'CE511',NULL,NULL,1,NULL),(224,'Anamika Singh','anamika.singh@compassitesinc.com','$2y$10$kGgZejnsLh/iNc1Obf4d.eUH/D8bO9mDo9bH8uf4LZuFVZX9Cpv..',NULL,'2016-03-04 04:48:10','2016-03-04 04:48:10',28,220,'CE562',NULL,NULL,1,NULL),(225,'Vivek kumar','vivek.kumar@compassitesinc.com','$2y$10$kGgZejnsLh/iNc1Obf4d.eUH/D8bO9mDo9bH8uf4LZuFVZX9Cpv..',NULL,'2016-03-04 04:48:10','2016-03-04 04:48:10',31,220,'CE626',NULL,NULL,1,NULL),(226,'Giresh Kumar S N','giresh.sn@compassitesinc.com','$2y$10$kGgZejnsLh/iNc1Obf4d.eUH/D8bO9mDo9bH8uf4LZuFVZX9Cpv..',NULL,'2016-03-04 04:48:10','2016-03-04 04:48:10',31,220,'CE627',NULL,NULL,1,NULL),(227,'Nithin Babu','Nithin.Babu@Compaasitesinc.com','$2y$10$kGgZejnsLh/iNc1Obf4d.eUH/D8bO9mDo9bH8uf4LZuFVZX9Cpv..',NULL,'2016-03-04 04:48:10','2016-03-04 04:48:10',50,1,'CE633',NULL,NULL,1,NULL),(228,'Shankar Narayan','shankar.narayana@compassitesinc.com','$2y$10$kGgZejnsLh/iNc1Obf4d.eUH/D8bO9mDo9bH8uf4LZuFVZX9Cpv..','5OQgLN1633Xr548VmSGW5sz3N0dU2CwhZEbcqjHHZtuZJctrHeaBbcrL3bt0','2016-03-04 04:48:10','2016-07-12 14:48:33',7,1,'CE486',NULL,NULL,1,NULL);
/*!40000 ALTER TABLE `users` ENABLE KEYS */;
UNLOCK TABLES;
/*!40103 SET TIME_ZONE=@OLD_TIME_ZONE */;

/*!40101 SET SQL_MODE=@OLD_SQL_MODE */;
/*!40014 SET FOREIGN_KEY_CHECKS=@OLD_FOREIGN_KEY_CHECKS */;
/*!40014 SET UNIQUE_CHECKS=@OLD_UNIQUE_CHECKS */;
/*!40101 SET CHARACTER_SET_CLIENT=@OLD_CHARACTER_SET_CLIENT */;
/*!40101 SET CHARACTER_SET_RESULTS=@OLD_CHARACTER_SET_RESULTS */;
/*!40101 SET COLLATION_CONNECTION=@OLD_COLLATION_CONNECTION */;
/*!40111 SET SQL_NOTES=@OLD_SQL_NOTES */;

-- Dump completed on 2016-07-12 15:19:40
